問題番号,問題文,品詞,選択肢1(正解),選択肢2,選択肢3,選択肢4
1,same,形,同じ,日常の,必要な,安い
2,wall,名,壁,会話,情報,場面，シーン
3,Chinese,名,中国語,壁,会話,情報
4,die,動,死ぬ,(～を)覚えている,トントンとたたく，ノックする,～を説明する
5,lie,動,横たわる,死ぬ,（～を）覚えている,トントンとたたく，ノックする
6,hurry up,連,急ぐ,バスに間に合う,音をたてる,ずっと昔
7,catch a bus,連,バスに間に合う,すぐに,20代である,音をたてる
8,at once,連,すぐに,～するのを恐れる,急ぐ,20代である
9,lie,名,うそ,中国語,壁,会話
10,quiet,形,静かな,同じ,日常の,必要な
11,be afraid of ～ing,連,～するのを恐れる,間違える,バスに間に合う,急ぐ
12,make a mistake,連,間違える,テスト［試験］に合格する,すぐに,バスに間に合う
13,pass a test,連,テスト［試験］に合格する,太陽の周りを,～するのを恐れる,すぐに
14,dirty,形,汚れた,静かな,同じ,日常の
15,hungry,形,空腹の,汚れた,静かな,同じ
16,around the sun,連,太陽の周りを,逃げる,間違える,～するのを恐れる
17,run away,連,逃げる,～に属する，～の一員である,テスト［試験］に合格する,間違える
18,hill,名,丘,うそ,中国語,壁
19,belong to ～,連,～に属する，～の一員である,風呂に入る,太陽の周りを,テスト［試験］に合格する
20,rang,過去,ringの過去形,throwの過去形,rideの過去形,blowの過去形
21,grass,名,芝生,丘,うそ,中国語
22,take a bath,連,風呂に入る,上着［コート］を着る,逃げる,太陽の周りを
23,put a coat on,連,上着［コート］を着る,かぜをひく,～に属する，～の一員である,逃げる
24,catch a cold,連,かぜをひく,バスに乗り遅れる,風呂に入る,～に属する，～の一員である
25,miss a bus,連,バスに乗り遅れる,1日中,上着［コート］を着る,風呂に入る
26,medicine,名,薬,芝生,丘,うそ
27,sweater,名,セーター,薬,芝生,丘
28,glove,名,手袋，グラブ,セーター,薬,芝生
29,all day,連,1日中,～に間に合う,かぜをひく,上着［コート］を着る
30,outside,副,外へ［に，で］,突然，急に,かなり，とても,外出して，不在で
31,be in time for ～,連,～に間に合う,楽しく過ごす,バスに乗り遅れる,かぜをひく
32,enjoy oneself,連,楽しく過ごす,～を待つ,1日中,バスに乗り遅れる
33,receive,動,（～を）受け取る,横たわる,死ぬ,（～を）覚えている
34,wait for ～,連,～を待つ,転ぶ，倒れる,～に間に合う,1日中
35,chocolate,名,チョコレート,手袋，グラブ,セーター,薬
36,cook,名,料理をする人，料理人,チョコレート,手袋，グラブ,セーター
37,taste,動,～な味がする,（～を）受け取る,横たわる,死ぬ
38,borrow,動,～を（無料で）借りる,～な味がする,（～を）受け取る,横たわる
39,rent,動,～を賃借りする,～を（無料で）借りる,～な味がする,（～を）受け取る
40,laid,過去・過分,layの過去形・過去分詞,winの過去形・過去分詞,understandの過去形・過去分詞,forgetの過去形・過去分詞
41,lain,過分,lie（横たわる）の過去分詞,throwの過去分詞,breakの過去分詞,giveの過去分詞
42,lay,過去,lie（横たわる）の過去形,ringの過去形,throwの過去形,rideの過去形
43,fall down,連,転ぶ，倒れる,歯をみがく,楽しく過ごす,～に間に合う
44,while,接,～している間に,～だけれども，～にもかかわらず,～する間に,～する間に，～のうちに
45,brush one’s teeth,連,歯をみがく,実は,～を待つ,楽しく過ごす
46,case,名,場合,料理をする人，料理人,チョコレート,手袋，グラブ
47,safe,形,安全な,空腹の,汚れた,静かな
48,enough,形,十分な,安全な,空腹の,汚れた
49,clean,形,きれいな，清潔な,十分な,安全な,空腹の
50,in fact,連,実は,～を…に入れる,転ぶ，倒れる,～を待つ
51,put ～ into …,連,～を…に入れる,１切れの～,歯をみがく,転ぶ，倒れる
52,sell,動,～を売る,～を賃借りする,～を（無料で）借りる,～な味がする
53,quite,副,かなり，とても,外へ［に，で］,突然，急に,かなり，とても
54,dark,形,暗い,きれいな，清潔な,十分な,安全な
55,invite,動,～を招待する,～を売る,～を賃借りする,～を（無料で）借りる
56,a piece of ～,連,１切れの～,もう１杯の～,実は,歯をみがく
57,another cup of ～,連,もう１杯の～,足元に気をつける,～を…に入れる,実は
58,certainly,副,もちろん,かなり，とても,外へ［に，で］,突然，急に
59,watch one’s step,連,足元に気をつける,～を脱ぐ,１切れの～,～を…に入れる
60,enter,動,（～に）入る,～を招待する,～を売る,～を賃借りする
61,take off ～,連,～を脱ぐ,すぐに,もう１杯の～,１切れの～
62,shoe,名,靴,場合,料理をする人，料理人,チョコレート
63,quiet,形,静かな,暗い,きれいな，清潔な,十分な
64,Africa,固,アフリカ,ニュージーランド,ロサンゼルス,モスクワ
65,dish,名,皿,靴,場合,料理をする人，料理人
66,at once,連,すぐに,お互い（を［に］）,足元に気をつける,もう１杯の～
67,each other,連,お互い（を［に］）,１日おきに,～を脱ぐ,足元に気をつける
68,such,形,そのような,静かな,暗い,きれいな，清潔な
69,friendly,形,親しみやすい,そのような,静かな,暗い
70,cousin,名,いとこ,皿,靴,場合
71,every other day,連,１日おきに,買い物に行く,すぐに,～を脱ぐ
72,go shopping,連,買い物に行く,明日までに,お互い（を［に］）,すぐに
73,slept,過去・過分,sleepの過去形・過去分詞,layの過去形・過去分詞,winの過去形・過去分詞,understandの過去形・過去分詞
74,son,名,息子,いとこ,皿,靴
75,by tomorrow,連,明日までに,徒歩で,１日おきに,お互い（を［に］）
76,paint,動,（～に）ペンキを塗る,（～に）入る,～を招待する,～を売る
77,alone,副,ひとりで,もちろん,かなり，とても,外へ［に，で］
78,on foot,連,徒歩で,～に折り返し電話をする,買い物に行く,１日おきに
79,umbrella,名,傘,息子,いとこ,皿
80,water,動,（花）に水をやる,（～に）ペンキを塗る,（～に）入る,～を招待する
81,vegetable,名,野菜,傘,息子,いとこ
82,noisy,形,騒がしい，うるさい,親しみやすい,そのような,静かな
83,call ～ back,連,～に折り返し電話をする,～に参加する，～に加わる,明日までに,買い物に行く
84,snowy,形,雪の降る,騒がしい，うるさい,親しみやすい,そのような
85,take part in ～,連,～に参加する，～に加わる,将来,徒歩で,明日までに
86,paper,名,論文，レポート,野菜,傘,息子
87,attend,動,（～に）出席する,（花）に水をやる,（～に）ペンキを塗る,（～に）入る
88,failure,名,失敗,論文，レポート,野菜,傘
89,in the future,連,将来,悪い成績,～に折り返し電話をする,徒歩で
90,earth,名,地球,失敗,論文，レポート,野菜
91,poor grade,連,悪い成績,（交通）信号，信号機,～に参加する，～に加わる,～に折り返し電話をする
92,handout,名,プリント，配布資料,地球,失敗,論文，レポート
93,act,動,行動する，ふるまう,（～に）出席する,（花）に水をやる,（～に）ペンキを塗る
94,voice,名,声,プリント，配布資料,地球,失敗
95,problem,名,問題,声,プリント，配布資料,地球
96,lost,過去・過分,loseの過去形・過去分詞,sleepの過去形・過去分詞,layの過去形・過去分詞,winの過去形・過去分詞
97,straight,副,まっすぐに,ひとりで,もちろん,かなり，とても
98,turn,動,（～を）曲がる,行動する，ふるまう,（～に）出席する,（花）に水をやる
99,traffic light,連,（交通）信号，信号機,しばらくの間,将来,～に参加する，～に加わる
100,for a while,連,しばらくの間,～のそばを通り過ぎる,悪い成績,将来
101,supermarket,名,スーパーマーケット,問題,声,プリント，配布資料
102,remember,動,（～を）覚えている,（～を）曲がる,行動する，ふるまう,（～に）出席する
103,pass by ～,連,～のそばを通り過ぎる,自分で，ひとりで,（交通）信号，信号機,悪い成績
104,miss,動,～を見落とす,（～を）覚えている,（～を）曲がる,行動する，ふるまう
105,by oneself,連,自分で，ひとりで,（距離をたずねて）どのくらい～か。,しばらくの間,（交通）信号，信号機
106,How far ～?,連,（距離をたずねて）どのくらい～か。,引っ越してくる,～のそばを通り過ぎる,しばらくの間
107,garden,名,庭，庭園,スーパーマーケット,問題,声
108,men,名,manの複数形,庭，庭園,スーパーマーケット,問題
109,women,名,womanの複数形,manの複数形,庭，庭園,スーパーマーケット
110,leaf,名,葉,womanの複数形,manの複数形,庭，庭園
111,goose,名,ガチョウ,葉,womanの複数形,manの複数形
112,deer,名,鹿[複数形も同じ形],ガチョウ,葉,womanの複数形
113,sheep,名,羊[複数形も同じ形],鹿[複数形も同じ形],ガチョウ,葉
114,wife,名,妻,羊[複数形も同じ形],鹿[複数形も同じ形],ガチョウ
115,tooth,名,歯,妻,羊[複数形も同じ形],鹿[複数形も同じ形]
116,move in,連,引っ越してくる,先日,自分で，ひとりで,～のそばを通り過ぎる
117,Beijing,固,北京，ペキン,アフリカ,ニュージーランド,ロサンゼルス
118,capital,名,首都,歯,妻,羊[複数形も同じ形]
119,art,名,芸術,首都,歯,妻
120,peace,名,平和,芸術,首都,歯
121,drank,過去,drinkの過去形,lie（横たわる）の過去形,ringの過去形,throwの過去形
122,wish,名,願い，希望,平和,芸術,首都
123,lady,名,婦人,願い，希望,平和,芸術
124,teeth,名,toothの複数形,婦人,願い，希望,平和
125,horse,名,馬,toothの複数形,婦人,願い，希望
126,rise,動,昇る,～を見落とす,（～を）覚えている,（～を）曲がる
127,east,名,東,馬,toothの複数形,婦人
128,honest,形,正直な,雪の降る,騒がしい，うるさい,親しみやすい
129,island,名,島,東,馬,toothの複数形
130,hospital,名,病院,島,東,馬
131,information,名,情報,病院,島,東
132,knives,名,knifeの複数形,情報,病院,島
133,hero,名,英雄,knifeの複数形,情報,病院
134,tomato,名,トマト,英雄,knifeの複数形,情報
135,type,名,型，タイプ,トマト,英雄,knifeの複数形
136,hope,名,望み,型，タイプ,トマト,英雄
137,the other day,連,先日,～の速さで,（距離をたずねて）どのくらい～か。,自分で，ひとりで
138,fish,動・名,釣りをする・魚［複数形も同じ形］,～を願う，～を望む・願い，希望,動物,植物
139,dolphin,名,イルカ,望み,型，タイプ,トマト
140,at a speed of ～,連,～の速さで,1枚の～（パンなど）,引っ越してくる,（距離をたずねて）どのくらい～か。
141,money,名,お金,イルカ,望み,型，タイプ
142,salt,名,塩,お金,イルカ,望み
143,movie,名,映画,塩,お金,イルカ
144,a slice of ～,連,1枚の～（パンなど）,～と…の間の［に，で］,先日,引っ越してくる
145,brown,名・形,茶色(の),フランス語(の),半分・半分の,青色(の)
146,beauty,名,美(しさ),映画,塩,お金
147,difference,名,違い，相違,美(しさ),映画,塩
148,between ～ and ...,連,～と…の間の［に，で］,電車を乗り換える,～の速さで,先日
149,century,名,世紀,違い，相違,美(しさ),映画
150,server,名,ウェイター，給仕,世紀,違い，相違,美(しさ)
151,change trains,連,電車を乗り換える,～のために，～の理由で，～が原因で,1枚の～（パンなど）,～の速さで
152,traffic,名,交通（量），（車の）往来,ウェイター，給仕,世紀,違い，相違
153,advice,名,忠告，助言，アドバイス,交通（量），（車の）往来,ウェイター，給仕,世紀
154,stranger,名,（ある土地に）初めて来た人，不案内の人,忠告，助言，アドバイス,交通（量），（車の）往来,ウェイター，給仕
155,though,接,～だけれども，～にもかかわらず,～している間に,～だけれども，～にもかかわらず,～する間に
156,because of ～,連,～のために，～の理由で，～が原因で,ひとりで,～と…の間の［に，で］,1枚の～（パンなど）
157,exercise,名,運動,（ある土地に）初めて来た人，不案内の人,忠告，助言，アドバイス,交通（量），（車の）往来
158,body,名,体,運動,（ある土地に）初めて来た人，不案内の人,忠告，助言，アドバイス
159,several,形,いくつかの，数個の,正直な,雪の降る,騒がしい，うるさい
160,herself,代,彼女自身を［に，で］,すべて，何もかも,だれも～ない,何も～ない
161,mirror,名,鏡,体,運動,（ある土地に）初めて来た人，不案内の人
162,myself,代,私自身を［に，で］,彼女自身を［に，で］,すべて，何もかも,だれも～ない
163,yourself,代,あなた自身を［に，で］,私自身を［に，で］,彼女自身を［に，で］,すべて，何もかも
164,himself,代,彼自身を［に，で］,あなた自身を［に，で］,私自身を［に，で］,彼女自身を［に，で］
165,itself,代,それ自身を［に，で］,彼自身を［に，で］,あなた自身を［に，で］,私自身を［に，で］
166,ourselves,代,私たち自身を［に，で］,それ自身を［に，で］,彼自身を［に，で］,あなた自身を［に，で］
167,yourselves,代,あなたたち自身を［に，で］,私たち自身を［に，で］,それ自身を［に，で］,彼自身を［に，で］
168,themselves,代,彼ら［彼女たち，それら］自身を［に，で］,あなたたち自身を［に，で］,私たち自身を［に，で］,それ自身を［に，で］
169,by oneself,連,ひとりで,独力で，自分のために,電車を乗り換える,～と…の間の［に，で］
170,for oneself,連,独力で，自分のために,心の中で思う,～のために，～の理由で，～が原因で,電車を乗り換える
171,say to oneself,連,心の中で思う,～を自由に取って食べる,ひとりで,～のために，～の理由で，～が原因で
172,help oneself to ～,連,～を自由に取って食べる,自己紹介をする,独力で，自分のために,ひとりで
173,introduce oneself,連,自己紹介をする,～の１つ［１人］,心の中で思う,独力で，自分のために
174,dress,名,服，ドレス,鏡,体,運動
175,one of ～,連,～の１つ［１人］,（２つのうち）一方は～，他方は…,～を自由に取って食べる,心の中で思う
176,"one ～, the other …",連,（２つのうち）一方は～，他方は…,～もあれば…もある,自己紹介をする,～を自由に取って食べる
177,"some ～, others …",連,～もあれば…もある,最善［全力］を尽くす,～の１つ［１人］,自己紹介をする
178,do one’s best,連,最善［全力］を尽くす,お互い,（２つのうち）一方は～，他方は…,～の１つ［１人］
179,one another,連,お互い,向こうに［で］,～もあれば…もある,（２つのうち）一方は～，他方は…
180,nobody,代,だれも～ない,彼ら［彼女たち，それら］自身を［に，で］,あなたたち自身を［に，で］,私たち自身を［に，で］
181,hospital,名,病院,服，ドレス,鏡,体
182,over there,連,向こうに［で］,～を大事にする，～の世話をする,最善［全力］を尽くす,～もあれば…もある
183,ear,名,耳,病院,服，ドレス,鏡
184,rabbit,名,ウサギ,耳,病院,服，ドレス
185,side,名,側,ウサギ,耳,病院
186,flew,過去,flyの過去形,drinkの過去形,lie（横たわる）の過去形,ringの過去形
187,nest,名,巣,側,ウサギ,耳
188,take care of ～,連,～を大事にする，～の世話をする,次々と［に］,お互い,最善［全力］を尽くす
189,hurt,過去・過分,hurtの過去形・過去分詞,loseの過去形・過去分詞,sleepの過去形・過去分詞,layの過去形・過去分詞
190,population,名,人口,巣,側,ウサギ
191,met,過去・過分,meetの過去形・過去分詞,hurtの過去形・過去分詞,loseの過去形・過去分詞,sleepの過去形・過去分詞
192,one after another,連,次々と［に］,（時間が）かかる,向こうに［で］,お互い
193,it takes ～,連,（時間が）かかる,～と違う，異なっている,～を大事にする，～の世話をする,向こうに［で］
194,clerk,名,店員,人口,巣,側
195,way,名,方法，やり方,店員,人口,巣
196,life,名,生活，暮らし,方法，やり方,店員,人口
197,be different from ～,連,～と違う，異なっている,～が得意［上手］である,次々と［に］,～を大事にする，～の世話をする
198,nothing,代,何も～ない,だれも～ない,彼ら［彼女たち，それら］自身を［に，で］,あなたたち自身を［に，で］
199,pants,名,［複数あつかいで］ズボン,生活，暮らし,方法，やり方,店員
200,be good at ～,連,～が得意［上手］である,例えば,（時間が）かかる,次々と［に］
201,cooking,名,料理,［複数あつかいで］ズボン,生活，暮らし,方法，やり方
202,for example,連,例えば,～で有名である,～と違う，異なっている,（時間が）かかる
203,sightseeing,名,観光,料理,［複数あつかいで］ズボン,生活，暮らし
204,actually,副,実は,まっすぐに,ひとりで,もちろん
205,be famous for ～,連,～で有名である,ところで,～が得意［上手］である,～と違う，異なっている
206,by the way,連,ところで,もちろん,例えば,～が得意［上手］である
207,French,名・形,フランス語(の),半分・半分の,茶色(の),イタリア語(の)
208,of course,連,もちろん,～に親切にする,～で有名である,例えば
209,souvenir,名,おみやげ,観光,料理,［複数あつかいで］ズボン
210,be kind to ～,連,～に親切にする,多数の～,ところで,～で有名である
211,elderly,形,年配の，高齢の,いくつかの，数個の,正直な,雪の降る
212,try,動,（～を）試す，（～を）やってみる,昇る,～を見落とす,（～を）覚えている
213,a great number of ～,連,多数の～,多量の～,もちろん,ところで
214,a great deal of ～,連,多量の～,たくさんの～,～に親切にする,もちろん
215,plenty of ～,連,たくさんの～,～に興味がある,多数の～,～に親切にする
216,bottle,名,びん,おみやげ,観光,料理
217,carefully,副,注意深く,実は,まっすぐに,ひとりで
218,free,形,暇な,年配の，高齢の,いくつかの，数個の,正直な
219,golf,名,ゴルフ,びん,おみやげ,観光
220,be interested in ～,連,～に興味がある,１日中,多量の～,多数の～
221,finally,副,ついに，やっと,注意深く,実は,まっすぐに
222,end,動,終わる,（～を）試す，（～を）やってみる,昇る,～を見落とす
223,happen,動,起こる，生じる,終わる,（～を）試す，（～を）やってみる,昇る
224,meal,名,食事,ゴルフ,びん,おみやげ
225,chance,名,可能性，見込み,食事,ゴルフ,びん
226,success,名,成功,可能性，見込み,食事,ゴルフ
227,meat,名,肉,成功,可能性，見込み,食事
228,weekend,名,週末,肉,成功,可能性，見込み
229,hardly,副,ほとんど～ない,ついに，やっと,注意深く,実は
230,population,名,人口,週末,肉,成功
231,health,名,健康,人口,週末,肉
232,rise,動,起きる，起床する,起こる，生じる,終わる,（～を）試す，（～を）やってみる
233,fire,名,火事,健康,人口,週末
234,exciting,形,興奮させる，胸をわくわくさせる，刺激的な,暇な,年配の，高齢の,いくつかの，数個の
235,sugar,名,砂糖,火事,健康,人口
236,lonely,形,孤独な,興奮させる，胸をわくわくさせる，刺激的な,暇な,年配の，高齢の
237,contents,名,［contentの複数形で］内容，中身,砂糖,火事,健康
238,letter,名,手紙,［contentの複数形で］内容，中身,砂糖,火事
239,abroad,副,外国に［へ，で］，海外に［へ，で］,ほとんど～ない,ついに，やっと,注意深く
240,traffic,名,交通（量），（車の）往来,手紙,［contentの複数形で］内容，中身,砂糖
241,loudly,副,大声で，騒々しく,外国に［へ，で］，海外に［へ，で］,ほとんど～ない,ついに，やっと
242,somewhere,副,どこかで，どこかに，どこかへ,大声で，騒々しく,外国に［へ，で］，海外に［へ，で］,ほとんど～ない
243,face,動,（危険・困難など）に立ち向かう,起きる，起床する,起こる，生じる,終わる
244,village,名,村,交通（量），（車の）往来,手紙,［contentの複数形で］内容，中身
245,adult,名,大人,村,交通（量），（車の）往来,手紙
246,all day,連,１日中,ある日,たくさんの～,多量の～
247,dry,形,乾燥した,孤独な,興奮させる，胸をわくわくさせる，刺激的な,暇な
248,one day,連,ある日,～を探す,～に興味がある,たくさんの～
249,thirsty,形,のどが渇いた,乾燥した,孤独な,興奮させる，胸をわくわくさせる，刺激的な
250,look for ～,連,～を探す,～でいっぱいである,１日中,～に興味がある
251,be full of ～,連,～でいっぱいである,遠く離れて,ある日,１日中
252,hide,動,～を隠す,（危険・困難など）に立ち向かう,起きる，起床する,起こる，生じる
253,fell,過去,fallの過去形,flyの過去形,drinkの過去形,lie（横たわる）の過去形
254,cover,動,～をおおう,～を隠す,（危険・困難など）に立ち向かう,起きる，起床する
255,round,形,丸い,のどが渇いた,乾燥した,孤独な
256,button,名,ボタン,大人,村,交通（量），（車の）往来
257,far away,連,遠く離れて,できるだけ～,～を探す,ある日
258,hit,過去・過分,hitの過去形・過去分詞,meetの過去形・過去分詞,hurtの過去形・過去分詞,loseの過去形・過去分詞
259,worse,形,bad・illの比較級,丸い,のどが渇いた,乾燥した
260,worst,形,bad・illの最上級,bad・illの比較級,丸い,のどが渇いた
261,less,形,littleの比較級,bad・illの最上級,bad・illの比較級,丸い
262,least,形,littleの最上級,littleの比較級,bad・illの最上級,bad・illの比較級
263,village,名,村,ボタン,大人,村
264,Nile,固,[the ～で]ナイル川,北京，ペキン,アフリカ,ニュージーランド
265,world,名,世界,村,ボタン,大人
266,mountain,名,山,世界,村,ボタン
267,as ～ as possible,連,できるだけ～,いつもより,～でいっぱいである,～を探す
268,twice,副,２倍，２回,どこかで，どこかに，どこかへ,大声で，騒々しく,外国に［へ，で］，海外に［へ，で］
269,half,副,半分だけ,２倍，２回,どこかで，どこかに，どこかへ,大声で，騒々しく
270,lion,名,ライオン,山,世界,村
271,advice,名,助言，アドバイス,ライオン,山,世界
272,point,名,場所，地点,助言，アドバイス,ライオン,山
273,grew,過去,growの過去形,fallの過去形,flyの過去形,drinkの過去形
274,weak,形,弱い,littleの最上級,littleの比較級,bad・illの最上級
275,climb,動,～に登る,～をおおう,～を隠す,（危険・困難など）に立ち向かう
276,cool,形,涼しい,弱い,littleの最上級,littleの比較級
277,precious,形,貴重な,涼しい,弱い,littleの最上級
278,health,名,健康,場所，地点,助言，アドバイス,ライオン
279,poor,形,貧しい，かわいそうな,貴重な,涼しい,弱い
280,expensive,形,高価な,貧しい，かわいそうな,貴重な,涼しい
281,bridge,名,橋,健康,場所，地点,助言，アドバイス
282,arrive,動,着く，到着する,～に登る,～をおおう,～を隠す
283,exactly,副,ちょうど，正確に,半分だけ,２倍，２回,どこかで，どこかに，どこかへ
284,peach,名,桃,橋,健康,場所，地点
285,experience,名,経験,桃,橋,健康
286,knowledge,名,知識,経験,桃,橋
287,rose,名,バラ,知識,経験,桃
288,clever,形,頭がよい，賢い,高価な,貧しい，かわいそうな,貴重な
289,island,名,島,バラ,知識,経験
290,than usual,連,いつもより,最善を尽くす,遠く離れて,～でいっぱいである
291,tower,名,塔，タワー,島,バラ,知識
292,stone,名,石,塔，タワー,島,バラ
293,light,形,軽い,頭がよい，賢い,高価な,貧しい，かわいそうな
294,strict,形,厳しい,軽い,頭がよい，賢い,高価な
295,as,接,～するにつれて,～だけれども，～にもかかわらず,～している間に,～だけれども，～にもかかわらず
296,while,接,～する間に，～のうちに,～するにつれて,～だけれども，～にもかかわらず,～している間に
297,moon,名,（天体の）月,石,塔，タワー,島
298,convenient,形,便利な,厳しい,軽い,頭がよい，賢い
299,study,名,研究，勉強,（天体の）月,石,塔，タワー
300,scientist,名,科学者,研究，勉強,（天体の）月,石
301,size,名,大きさ，サイズ,科学者,研究，勉強,（天体の）月
302,woke,過去,wakeの過去形,growの過去形,fallの過去形,flyの過去形
303,try one’s best,連,最善を尽くす,（花が）咲く,できるだけ～,遠く離れて
304,passenger,名,乗客,大きさ，サイズ,科学者,研究，勉強
305,climate,名,気候,乗客,大きさ，サイズ,科学者
306,friendship,名,友情,気候,乗客,大きさ，サイズ
307,forgot,過去・過分,forgetの過去形・過去分詞,hitの過去形・過去分詞,meetの過去形・過去分詞,hurtの過去形・過去分詞
308,above,前,～の上に［の］，～の上方に,～の外側で［に，へ］,～を含めて,～のそばに［で］
309,below,前,～の下に［の］，～の下方に,～の上に［の］，～の上方に,～の外側で［に，へ］,～を含めて
310,temperature,名,温度，気温,友情,気候,乗客
311,stay,動,～の（状態の）ままでいる,着く，到着する,～に登る,～をおおう
312,seem,動,～のように見える，～のように思われる,～の（状態の）ままでいる,着く，到着する,～に登る
313,sound,動,～のように聞こえる,～のように見える，～のように思われる,～の（状態の）ままでいる,着く，到着する
314,smell,動,～のにおいがする,～のように聞こえる,～のように見える，～のように思われる,～の（状態の）ままでいる
315,taste,動,～な味がする,～のにおいがする,～のように聞こえる,～のように見える，～のように思われる
316,lend,動,～を貸す,～な味がする,～のにおいがする,～のように聞こえる
317,rise,動,昇る,～を貸す,～な味がする,～のにおいがする
318,east,名,東,温度，気温,友情,気候
319,wrote,過去,writeの過去形,wakeの過去形,growの過去形,fallの過去形
320,play,名,遊び,東,温度，気温,友情
321,dull,形,鈍い,便利な,厳しい,軽い
322,captain,名,主将，キャプテン,遊び,東,温度，気温
323,name A B,動,AをBと名づける,昇る,～を貸す,～な味がする
324,paint A ～,動,Aを～(色)に塗る,AをBと名づける,昇る,～を貸す
325,baby,名,赤ちゃん，赤ん坊,主将，キャプテン,遊び,東
326,come out,連,（花が）咲く,絵葉書,いつもより,できるだけ～
327,picture postcard,連,絵葉書,黄色くなる,最善を尽くす,いつもより
328,curry,名,カレー,赤ちゃん，赤ん坊,主将，キャプテン,遊び
329,album,名,アルバム,カレー,赤ちゃん，赤ん坊,主将，キャプテン
330,light,形,少なめの，軽い,鈍い,便利な,厳しい
331,found,過去・過分,findの過去形・過去分詞,forgetの過去形・過去分詞,hitの過去形・過去分詞,meetの過去形・過去分詞
332,wife,名,妻,アルバム,カレー,赤ちゃん，赤ん坊
333,science,名,理科，科学,妻,アルバム,カレー
334,turn yellow,連,黄色くなる,実は，実際は,（花が）咲く,最善を尽くす
335,stranger,名,見知らぬ人,理科，科学,妻,アルバム
336,astronaut,名,宇宙飛行士,見知らぬ人,理科，科学,妻
337,shirt,名,シャツ,宇宙飛行士,見知らぬ人,理科，科学
338,accident,名,事故,シャツ,宇宙飛行士,見知らぬ人
339,sweater,名,セーター,事故,シャツ,宇宙飛行士
340,quite,副,とても，かなり,ちょうど，正確に,半分だけ,２倍，２回
341,smile,動,ほほえむ,Aを～(色)に塗る,AをBと名づける,昇る
342,device,名,装置,セーター,事故,シャツ
343,useful,形,役に立つ，便利な,少なめの，軽い,鈍い,便利な
344,abroad,副,海外へ［に，で］，外国へ［に，で］,とても，かなり,ちょうど，正確に,半分だけ
345,sleepy,形,眠い,役に立つ，便利な,少なめの，軽い,鈍い
346,e-mail,名,Ｅメール,装置,セーター,事故
347,in fact,連,実は，実際は,コンビニエンスストア，コンビニ,絵葉書,（花が）咲く
348,graph,名,グラフ,Ｅメール,装置,セーター
349,stationery,名,文房具,グラフ,Ｅメール,装置
350,among,前,～の間で［に］,～の下に［の］，～の下方に,～の上に［の］，～の上方に,～の外側で［に，へ］
351,especially,副,特に,海外へ［に，で］，外国へ［に，で］,とても，かなり,ちょうど，正確に
352,instead,副,代わりに,特に,海外へ［に，で］，外国へ［に，で］,とても，かなり
353,cracker,名,クラッカー,文房具,グラフ,Ｅメール
354,supermarket,名,スーパーマーケット,クラッカー,文房具,グラフ
355,even,副,～でさえ，～でも,代わりに,特に,海外へ［に，で］，外国へ［に，で］
356,convenience store,連,コンビニエンスストア，コンビニ,～のような，例えば～など,黄色くなる,絵葉書
357,such as ～,連,～のような，例えば～など,それでは， （Eメールなどの結びの言葉）,実は，実際は,黄色くなる
358,guess,動,（～を）推測する,ほほえむ,Aを～(色)に塗る,AをBと名づける
359,expensive,形,高価な,眠い,役に立つ，便利な,少なめの，軽い
360,traditional,形,伝統的な,高価な,眠い,役に立つ，便利な
361,clothes,名,衣服,スーパーマーケット,クラッカー,文房具
362,fan,名,扇，扇子,衣服,スーパーマーケット,クラッカー
363,anyway,副,とにかく,～でさえ，～でも,代わりに,特に
364,"Bye for now,",連,それでは， （Eメールなどの結びの言葉）,～を笑う,コンビニエンスストア，コンビニ,実は，実際は
365,drunk,過分,drinkの過去分詞,lie（横たわる）の過去分詞,throwの過去分詞,
366,held,過去・過分,holdの過去形・過去分詞,findの過去形・過去分詞,forgetの過去形・過去分詞,hitの過去形・過去分詞
367,invent,動,～を発明する,（～を）推測する,ほほえむ,Aを～(色)に塗る
368,laugh at ～,連,～を笑う,～に知られている,～のような，例えば～など,コンビニエンスストア，コンビニ
369,be known to ～,連,～に知られている,～に興味をもっている,それでは， （Eメールなどの結びの言葉）,～のような，例えば～など
370,be interested in ～,連,～に興味をもっている,（車が）～をひく,～を笑う,それでは， （Eメールなどの結びの言葉）
371,run over ～,連,（車が）～をひく,～の世話をする,～に知られている,～を笑う
372,look after ～,連,～の世話をする,～でいっぱいである,～に興味をもっている,～に知られている
373,be filled with ～,連,～でいっぱいである,～でおおわれている,（車が）～をひく,～に興味をもっている
374,be covered with ～,連,～でおおわれている,～に驚く,～の世話をする,（車が）～をひく
375,be surprised at ～,連,～に驚く,～が気に入っている,～でいっぱいである,～の世話をする
376,be pleased with ～,連,～が気に入っている,～で混んでいる,～でおおわれている,～でいっぱいである
377,be crowded with ～,連,～で混んでいる,～に満足している,～に驚く,～でおおわれている
378,be satisfied with ～,連,～に満足している,感動する,～が気に入っている,～に驚く
379,be moved,連,感動する,桜の木,～で混んでいる,～が気に入っている
380,read,過去・過分,readの過去形・過去分詞,holdの過去形・過去分詞,findの過去形・過去分詞,forgetの過去形・過去分詞
381,Spanish,名,スペイン語,扇，扇子,衣服,スーパーマーケット
382,Mexico,固,メキシコ,[the ～で]ナイル川,北京，ペキン,アフリカ
383,drawn,過分,drawの過去分詞,drinkの過去分詞,lie（横たわる）の過去分詞,breakの過去分詞
384,voice,名,声,スペイン語,扇，扇子,衣服
385,wall,名,壁,声,スペイン語,扇，扇子
386,ran,過去,runの過去形,writeの過去形,wakeの過去形,growの過去形
387,discover,動,～を発見する,～を発明する,（～を）推測する,ほほえむ
388,sung,過分,singの過去分詞,drawの過去分詞,drinkの過去分詞,throwの過去分詞
389,cherry tree,連,桜の木,（事故・戦争など）で死ぬ,～に満足している,～で混んでいる
390,be killed in ～,連,（事故・戦争など）で死ぬ,第２次世界大戦,感動する,～に満足している
391,World War Ⅱ,連,第２次世界大戦,世界中で,桜の木,感動する
392,Portuguese,名,ポルトガル語,壁,声,スペイン語
393,Brazil,固,ブラジル,メキシコ,[the ～で]ナイル川,北京，ペキン
394,cover,動,～をおおう,～を発見する,～を発明する,（～を）推測する
395,roof,名,屋根,ポルトガル語,壁,声
396,all over the world,連,世界中で,～の前で,（事故・戦争など）で死ぬ,桜の木
397,machine,名,機械,屋根,ポルトガル語,壁
398,market,名,市場,機械,屋根,ポルトガル語
399,stole,過去,stealの過去形,runの過去形,writeの過去形,wakeの過去形
400,stolen,過分,stealの過去分詞,singの過去分詞,drawの過去分詞,drinkの過去分詞
401,novel,名,小説,市場,機械,屋根
402,broke,過去,breakの過去形,stealの過去形,runの過去形,writeの過去形
403,broken,過分,breakの過去分詞,stealの過去分詞,singの過去分詞,drawの過去分詞
404,in front of ～,連,～の前で,少なくとも,第２次世界大戦,（事故・戦争など）で死ぬ
405,at least,連,少なくとも,～を育てる,世界中で,第２次世界大戦
406,bring up,連,～を育てる,～をばらばらにする,～の前で,世界中で
407,raise,動,～を育てる，～を上げる,～をおおう,～を発見する,～を発明する
408,engineer,名,技師，エンジニア，技術者,小説,市場,機械
409,damage,動,～に損害［被害］を与える，～を傷つける,～を育てる，～を上げる,～をおおう,～を発見する
410,floor,名,階,技師，エンジニア，技術者,小説,市場
411,million,形,100万の,伝統的な,高価な,眠い
412,technology,名,科学技術，テクノロジー,階,技師，エンジニア，技術者,小説
413,view,名,ながめ，景色,科学技術，テクノロジー,階,技師，エンジニア，技術者
414,appear,動,現れる,～に損害［被害］を与える，～を傷つける,～を育てる，～を上げる,～をおおう
415,until,前,～まで（ずっと）,～の間で［に］,～の下に［の］，～の下方に,～の上に［の］，～の上方に
416,break up,連,～をばらばらにする,～度，～回,少なくとも,～の前で
417,however,副,しかしながら,とにかく,～でさえ，～でも,代わりに
418,just,副,ちょうど,しかしながら,とにかく,～でさえ，～でも
419,yet,副,[否定文で]まだ，[疑問文で]もう,ちょうど,しかしながら,とにかく
420,newspaper,名,新聞,ながめ，景色,科学技術，テクノロジー,階
421,gone,過分,goの過去分詞,breakの過去分詞,stealの過去分詞,singの過去分詞
422,already,副,すでに,[否定文で]まだ，[疑問文で]もう,ちょうど,しかしながら
423,done,過分,doの過去分詞,goの過去分詞,breakの過去分詞,stealの過去分詞
424,come,過分,comeの過去分詞,doの過去分詞,goの過去分詞,breakの過去分詞
425,met,過去・過分,meetの過去形・過去分詞,readの過去形・過去分詞,holdの過去形・過去分詞,findの過去形・過去分詞
426,before,副,以前に,すでに,[否定文で]まだ，[疑問文で]もう,ちょうど
427,been,過分,beの過去分詞,comeの過去分詞,doの過去分詞,goの過去分詞
428,twice,副,２度，２回,以前に,すでに,[否定文で]まだ，[疑問文で]もう
429,ever,副,[疑問文で]今までに，かつて,２度，２回,以前に,すでに
430,climb,動,～に登る,現れる,～に損害［被害］を与える，～を傷つける,～を育てる，～を上げる
431,never,副,１度も～ない,[疑問文で]今までに，かつて,２度，２回,以前に
432,～ times,連,～度，～回,ボランティア活動［ボランティアの仕事］をする,～を育てる,少なくとも
433,several,形,いくつかの,100万の,伝統的な,高価な
434,seen,過分,seeの過去分詞,beの過去分詞,comeの過去分詞,doの過去分詞
435,since,前・接,～以来・～して以来,～以前,～までは,ちょうど～
436,known,過分,knowの過去分詞,seeの過去分詞,beの過去分詞,comeの過去分詞
437,sick,形,病気の,いくつかの,100万の,伝統的な
438,do volunteer work,連,ボランティア活動［ボランティアの仕事］をする,植物園,～をばらばらにする,～を育てる
439,botanical garden,連,植物園,テレビゲーム,～度，～回,～をばらばらにする
440,Europe,固,ヨーロッパ,ブラジル,メキシコ,[the ～で]ナイル川
441,cricket,名,クリケット,新聞,ながめ，景色,科学技術，テクノロジー
442,video game,連,テレビゲーム,～を知るようになる，～と知り合う,ボランティア活動［ボランティアの仕事］をする,～度，～回
443,still,副,（今も）まだ，なお,１度も～ない,[疑問文で]今までに，かつて,２度，２回
444,dead,形,死んだ，死んでいる,病気の,いくつかの,100万の
445,get to know ～,連,～を知るようになる，～と知り合う,～を欠席する［休む］,植物園,ボランティア活動［ボランティアの仕事］をする
446,be absent from ～,連,～を欠席する［休む］,～より多く，～以上,テレビゲーム,植物園
447,more than ～,連,～より多く，～以上,郵便局,～を知るようになる，～と知り合う,テレビゲーム
448,bought,過去・過分,buyの過去形・過去分詞,meetの過去形・過去分詞,readの過去形・過去分詞,holdの過去形・過去分詞
449,lost,過去・過分,loseの過去形・過去分詞,buyの過去形・過去分詞,meetの過去形・過去分詞,readの過去形・過去分詞
450,Paris,固,パリ,ヨーロッパ,ブラジル,メキシコ
451,post office,連,郵便局,離陸する,～を欠席する［休む］,～を知るようになる，～と知り合う
452,London,固,ロンドン,パリ,ヨーロッパ,ブラジル
453,driven,過分,driveの過去分詞,knowの過去分詞,seeの過去分詞,beの過去分詞
454,take off,連,離陸する,～に…をくれと頼む，求める,～より多く，～以上,～を欠席する［休む］
455,snow,動,雪が降る,～に登る,現れる,～に損害［被害］を与える，～を傷つける
456,Germany,固,ドイツ,ロンドン,パリ,ヨーロッパ
457,traffic,名,交通,クリケット,新聞,ながめ，景色
458,accident,名,事故,交通,クリケット,新聞
459,ask ～ for ...,連,～に…をくれと頼む，求める,～を誇りに思っている,郵便局,～より多く，～以上
460,opinion,名,意見，見解,事故,交通,クリケット
461,system,名,方式，制度，システム,意見，見解,事故,交通
462,reduce,動,～を減らす,雪が降る,～に登る,現れる
463,rule,名,規則，ルール,方式，制度，システム,意見，見解,事故
464,be proud of ～,連,～を誇りに思っている,～するのをあきらめる,離陸する,郵便局
465,give up ～ing,連,～するのをあきらめる,バスの便,～に…をくれと頼む，求める,離陸する
466,bank,名,銀行,規則，ルール,方式，制度，システム,意見，見解
467,convenient,形,都合のよい，便利な,死んだ，死んでいる,病気の,いくつかの
468,bus service,連,バスの便,どのくらいの間～か。,～を誇りに思っている,～に…をくれと頼む，求める
469,How long ～?,連,どのくらいの間～か。,電話で,～するのをあきらめる,～を誇りに思っている
470,office,名,事務所，会社,銀行,規則，ルール,方式，制度，システム
471,daughter,名,娘,事務所，会社,銀行,規則，ルール
472,on the phone,連,電話で,1日中,バスの便,～するのをあきらめる
473,bookstore,名,書店，本屋,娘,事務所，会社,銀行
474,all day,連,1日中,何回［何度］～か。どのくらい頻繁に～か。,どのくらいの間～か。,バスの便
475,How often ～?,連,何回［何度］～か。どのくらい頻繁に～か。,今までずっと,電話で,どのくらいの間～か。
476,Singapore,固,シンガポール,ドイツ,ロンドン,パリ
477,left,過去・過分,leaveの過去形・過去分詞,loseの過去形・過去分詞,buyの過去形・過去分詞,meetの過去形・過去分詞
478,snow,動,雪が降る,～を減らす,雪が降る,～に登る
479,knit,動,(服など）を編む,雪が降る,～を減らす,雪が降る
480,sweater,名,セーター,書店，本屋,娘,事務所，会社
481,South Africa,固,南アフリカ,シンガポール,ドイツ,ロンドン
482,umbrella,名,傘,セーター,書店，本屋,娘
483,smartphone,名,スマートフォン,傘,セーター,書店，本屋
484,duty,名,義務,スマートフォン,傘,セーター
485,abroad,副,海外へ［に，で］，外国へ［に，で］,（今も）まだ，なお,１度も～ない,[疑問文で]今までに，かつて
486,foreign,形,外国の,都合のよい，便利な,死んだ，死んでいる,病気の
487,pass,動,（時間が）経過する,(服など）を編む,雪が降る,～を減らす
488,still,副,（今も）まだ，なお,海外へ［に，で］，外国へ［に，で］,（今も）まだ，なお,１度も～ない
489,dead,形,死んだ，死んでいる,外国の,都合のよい，便利な,死んだ，死んでいる
490,all this while,連,今までずっと,初めて,1日中,電話で
491,beach,名,砂浜，ビーチ,義務,スマートフォン,傘
492,restaurant,名,レストラン,砂浜，ビーチ,義務,スマートフォン
493,koala,名,コアラ,レストラン,砂浜，ビーチ,義務
494,for the first time,連,初めて,結婚する,何回［何度］～か。どのくらい頻繁に～か。,1日中
495,way,名,道，点,コアラ,レストラン,砂浜，ビーチ
496,visit,名,訪問,道，点,コアラ,レストラン
497,get married,連,結婚する,結婚している,今までずっと,何回［何度］～か。どのくらい頻繁に～か。
498,be married,連,結婚している,日常生活,初めて,今までずっと
499,France,固,フランス,南アフリカ,シンガポール,ドイツ
500,daily life,連,日常生活,小学校,結婚する,初めて
501,Korean,形,韓国・朝鮮の,死んだ，死んでいる,外国の,都合のよい，便利な
502,website,名,ウェブサイト，ホームページ,訪問,道，点,コアラ
503,travel,動,旅行する,（時間が）経過する,(服など）を編む,雪が降る
504,experience,名,経験，体験,ウェブサイト，ホームページ,訪問,道，点
505,especially,副,特に,（今も）まだ，なお,海外へ［に，で］，外国へ［に，で］,（今も）まだ，なお
506,elementary school,連,小学校,発展途上国,結婚している,結婚する
507,developing country,連,発展途上国,～を求める,日常生活,結婚している
508,poor,形,貧しい,韓国・朝鮮の,死んだ，死んでいる,外国の
509,enough,形,十分な,貧しい,韓国・朝鮮の,死んだ，死んでいる
510,education,名,教育,経験，体験,ウェブサイト，ホームページ,訪問
511,textbook,名,教科書,教育,経験，体験,ウェブサイト，ホームページ
512,share,動,～を共同で使う,旅行する,（時間が）経過する,(服など）を編む
513,dirty,形,汚れた,十分な,貧しい,韓国・朝鮮の
514,ask for ～,連,～を求める,～に…を頼む［求める］,小学校,日常生活
515,donation,名,寄付,教科書,教育,経験，体験
516,ask ～ for ...,連,～に…を頼む［求める］,最善［全力］を尽くす,発展途上国,小学校
517,collect,動,～を集める，～を収集する,～を共同で使う,旅行する,（時間が）経過する
518,health,名,健康,寄付,教科書,教育
519,do one’s best,連,最善［全力］を尽くす,～するために,～を求める,発展途上国
520,wish,動・名,～を願う，～を望む・願い，希望,釣りをする・魚,かなえる,寝る
521,decide,動,（～を）決める,～を集める，～を収集する,～を共同で使う,旅行する
522,France,固,フランス,フランス,南アフリカ,シンガポール
523,astronaut,名,宇宙飛行士,健康,寄付,教科書
524,dream,名,夢,宇宙飛行士,健康,寄付
525,musician,名,音楽家,夢,宇宙飛行士,健康
526,grow,動,～を育てる,（～を）決める,～を集める，～を収集する,～を共同で使う
527,in order to ～,連,～するために,成長する,～に…を頼む［求める］,～を求める
528,grew,過去,growの過去形,breakの過去形,stealの過去形,runの過去形
529,grow up,連,成長する,～して驚く,最善［全力］を尽くす,～に…を頼む［求める］
530,writer,名,作家,音楽家,夢,宇宙飛行士
531,be surprised to ～,連,～して驚く,電車［列車］に間に合う,～するために,最善［全力］を尽くす
532,painting,名,（絵の具で描いた）絵，絵画，絵を描くこと,作家,音楽家,夢
533,tonight,副,今夜,特に,（今も）まだ，なお,海外へ［に，で］，外国へ［に，で］
534,plan,名,計画,（絵の具で描いた）絵，絵画，絵を描くこと,作家,音楽家
535,suddenly,副,突然，急に,今夜,特に,（今も）まだ，なお
536,laugh,動,笑う,～を育てる,（～を）決める,～を集める，～を収集する
537,catch a train,連,電車［列車］に間に合う,始発電車［列車］,成長する,～するために
538,the first train,連,始発電車［列車］,～してもよいですか。,～して驚く,成長する
539,solve,動,～を解く，解決する,笑う,～を育てる,（～を）決める
540,May I ～?,連,～してもよいですか。,（いっしょに）～しませんか。,電車［列車］に間に合う,～して驚く
541,paper,名,レポート，論文,計画,（絵の具で描いた）絵，絵画，絵を描くこと,作家
542,poor,形,貧しい,汚れた,十分な,貧しい
543,foolish,形,ばかな，愚かな,貧しい,汚れた,十分な
544,fine,形,申し分のない，立派な,ばかな，愚かな,貧しい,汚れた
545,reason,名,理由,レポート，論文,計画,（絵の具で描いた）絵，絵画，絵を描くこと
546,few,形,ほとんどない,申し分のない，立派な,ばかな，愚かな,貧しい
547,dangerous,形,危険な,ほとんどない,申し分のない，立派な,ばかな，愚かな
548,actually,副,実は,突然，急に,今夜,特に
549,Why don’t we ～?,連,（いっしょに）～しませんか。,～に属する,始発電車［列車］,電車［列車］に間に合う
550,bamboo,名,竹,理由,レポート，論文,計画
551,belong to ～,連,～に属する,～のように見える,～してもよいですか。,始発電車［列車］
552,forest,名,森林,竹,理由,レポート，論文
553,look like ～,連,～のように見える,同時に,（いっしょに）～しませんか。,～してもよいですか。
554,pretty,形,かわいい，きれいな,危険な,ほとんどない,申し分のない，立派な
555,quickly,副,速く，すぐに，すばやく,実は,突然，急に,今夜
556,deep,形,深い,かわいい，きれいな,危険な,ほとんどない
557,hole,名,穴,森林,竹,理由
558,plant,動,～を植える,～を解く，解決する,笑う,～を育てる
559,at the same time,連,同時に,このようにして,～に属する,（いっしょに）～しませんか。
560,in this way,連,このようにして,死に絶える，絶滅する,～のように見える,～に属する
561,connect,動,～をつなげる,～を植える,～を解く，解決する,笑う
562,seed,名,種子,穴,森林,竹
563,finally,副,最後には，ついに,速く，すぐに，すばやく,実は,突然，急に
564,die out,連,死に絶える，絶滅する,～年ごとに,同時に,～のように見える
565,natural,形,自然の,深い,かわいい，きれいな,危険な
566,process,名,過程,種子,穴,森林
567,every ～ years,連,～年ごとに,お茶をいれる,このようにして,同時に
568,flight,名,飛行，空の旅,過程,種子,穴
569,machine,名,機械,飛行，空の旅,過程,種子
570,solve,動,～を解く，～を解決する,～をつなげる,～を植える,～を解く，解決する
571,foolish,形,ばかな，愚かな,自然の,深い,かわいい，きれいな
572,wise,形,賢い,ばかな，愚かな,自然の,深い
573,make tea,連,お茶をいれる,休息を取る,死に絶える，絶滅する,このようにして
574,advise,動,（～に）忠告する，（～に）助言する,～を解く，～を解決する,～をつなげる,～を植える
575,take a rest,連,休息を取る,（～を）あきらめる,～年ごとに,死に絶える，絶滅する
576,order,動,～を命じる，注文する,（～に）忠告する，（～に）助言する,～を解く，～を解決する,～をつなげる
577,promise,名,約束,機械,飛行，空の旅,過程
578,close,動,～を閉める,～を命じる，注文する,（～に）忠告する，（～に）助言する,～を解く，～を解決する
579,tired,形,疲れた,賢い,ばかな，愚かな,自然の
580,strong,形,丈夫な，強い,疲れた,賢い,ばかな，愚かな
581,exercise,名,練習，運動,約束,機械,飛行，空の旅
582,stage,名,舞台，ステージ,練習，運動,約束,機械
583,rich,形,金持ちの，裕福な,丈夫な，強い,疲れた,賢い
584,let,動,～に（…）させる,～を閉める,～を命じる，注文する,（～に）忠告する，（～に）助言する
585,enter,動,（～に）入る,～に（…）させる,～を閉める,～を命じる，注文する
586,kitchen,名,台所,舞台，ステージ,練習，運動,約束
587,give up,連,（～を）あきらめる,少なくとも,お茶をいれる,～年ごとに
588,by oneself,名,ひとりで,台所,舞台，ステージ,練習，運動
589,taxi,名,タクシー,ひとりで,台所,舞台，ステージ
590,pianist,名,ピアニスト,タクシー,ひとりで,台所
591,at least,連,少なくとも,遅くまで起きている，夜ふかしする,休息を取る,お茶をいれる
592,necessary,形,必要な,金持ちの，裕福な,丈夫な，強い,疲れた
593,dangerous,形,危険な,必要な,金持ちの，裕福な,丈夫な，強い
594,master,動,～を習得する，～を身につける,（～に）入る,～に（…）させる,～を閉める
595,coach,名,コーチ,ピアニスト,タクシー,ひとりで
596,ceiling,名,天井,コーチ,ピアニスト,タクシー
597,outdoors,副,戸外で，外で,最後には，ついに,速く，すぐに，すばやく,実は
598,stay up late,連,遅くまで起きている，夜ふかしする,しばらくの間,（～を）あきらめる,休息を取る
599,for a while,連,しばらくの間,転ぶ，倒れる,少なくとも,（～を）あきらめる
600,athlete,名,アスリート，運動選手,天井,コーチ,ピアニスト
601,fall down,連,転ぶ，倒れる,風呂に入る,遅くまで起きている，夜ふかしする,少なくとも
602,bicycle,名,自転車,アスリート，運動選手,天井,コーチ
603,slowly,副,ゆっくりと,戸外で，外で,最後には，ついに,速く，すぐに，すばやく
604,quiet,形,静かな,危険な,必要な,金持ちの，裕福な
605,take a bath,連,風呂に入る,～のことを心配する,しばらくの間,遅くまで起きている，夜ふかしする
606,smart,形,利口な，賢い,静かな,危険な,必要な
607,worry about ～,連,～のことを心配する,～をあきらめる,転ぶ，倒れる,しばらくの間
608,wear,動,～を着ている，身につけている,～を習得する，～を身につける,（～に）入る,～に（…）させる
609,noisy,形,騒がしい，うるさい,利口な，賢い,静かな,危険な
610,airport,名,空港,自転車,アスリート，運動選手,天井
611,show ～ around …,動,～に…を案内して回る,～を着ている，身につけている,～を習得する，～を身につける,（～に）入る
612,impossible,形,不可能な，ありえない,騒がしい，うるさい,利口な，賢い,静かな
613,importance,名,重要性，大切さ，重大さ,空港,自転車,アスリート，運動選手
614,angry,形,怒った，腹を立てた,不可能な，ありえない,騒がしい，うるさい,利口な，賢い
615,believe,動,（～を）信じる,～に…を案内して回る,～を着ている，身につけている,～を習得する，～を身につける
616,agree with ～,動,～に賛成する，～に同意する,（～を）信じる,～に…を案内して回る,～を着ている，身につけている
617,campaign,名,運動，活動，キャンペーン,重要性，大切さ，重大さ,空港,自転車
618,improve,動,～を改善する,～に賛成する，～に同意する,（～を）信じる,～に…を案内して回る
619,opinion,名,意見,運動，活動，キャンペーン,重要性，大切さ，重大さ,空港
620,decision,名,決定,意見,運動，活動，キャンペーン,重要性，大切さ，重大さ
621,forgive,動,（～を）許す,～を改善する,～に賛成する，～に同意する,（～を）信じる
622,continue,動,～を続ける,（～を）許す,～を改善する,～に賛成する，～に同意する
623,hate,動,～がきらいだ,～を続ける,（～を）許す,～を改善する
624,give up ～,連,～をあきらめる,～するのが上手［得意］である,風呂に入る,転ぶ，倒れる
625,avoid,動,～を避ける,～がきらいだ,～を続ける,（～を）許す
626,mind,動,（～を）気にする，（～を）いやだと思う,～を避ける,～がきらいだ,～を続ける
627,agree,動,（～に）同意する，（～に）賛成する,（～を）気にする，（～を）いやだと思う,～を避ける,～がきらいだ
628,hope,動,（～を）希望する,（～に）同意する，（～に）賛成する,（～を）気にする，（～を）いやだと思う,～を避ける
629,wish,動,～を望む,（～を）希望する,（～に）同意する，（～に）賛成する,（～を）気にする，（～を）いやだと思う
630,decide,動,（～を）決める，（～に）決心する,～を望む,（～を）希望する,（～に）同意する，（～に）賛成する
631,promise,動,（～を）約束する,（～を）決める，（～に）決心する,～を望む,（～を）希望する
632,plan,動,～を計画する,（～を）約束する,（～を）決める，（～に）決心する,～を望む
633,hobby,名,趣味,決定,意見,運動，活動，キャンペーン
634,collect,動,～を集める，～を収集する,～を計画する,（～を）約束する,（～を）決める，（～に）決心する
635,stamp,名,切手,趣味,決定,意見
636,be good at ～ing,連,～するのが上手［得意］である,～するのを楽しみに待つ,～のことを心配する,風呂に入る
637,look forward to ～ing,連,～するのを楽しみに待つ,～してくれたことをAに感謝する,～をあきらめる,～のことを心配する
638,thank A for ～ing,連,～してくれたことをAに感謝する,～することを恐れる,～するのが上手［得意］である,～をあきらめる
639,be afraid of ～ing,連,～することを恐れる,～するのが好きだ,～するのを楽しみに待つ,～するのが上手［得意］である
640,be fond of ～ing,連,～するのが好きだ,～することに興味がある,～してくれたことをAに感謝する,～するのを楽しみに待つ
641,be interested in ～ing,連,～することに興味がある,～するのはどうですか。,～することを恐れる,～してくれたことをAに感謝する
642,How about ～ing?,連,～するのはどうですか。,戸外の［で］,～するのが好きだ,～することを恐れる
643,used,形,中古の，使用済みの,怒った，腹を立てた,不可能な，ありえない,騒がしい，うるさい
644,quiet,形,静かな,中古の，使用済みの,怒った，腹を立てた,不可能な，ありえない
645,concert,名,コンサート，演奏会,切手,趣味,決定
646,in the open air,連,戸外の［で］,～しないで,～することに興味がある,～するのが好きだ
647,lock,動,～に鍵をかける,～を集める，～を収集する,～を計画する,（～を）約束する
648,poem,名,詩,コンサート，演奏会,切手,趣味
649,without ～ing,連,～しないで,間違う,～するのはどうですか。,～することに興味がある
650,make a mistake,連,間違う,～することによって,戸外の［で］,～するのはどうですか。
651,by ～ing,連,～することによって,～に戻る,～しないで,戸外の［で］
652,get back to ～,連,～に戻る,何度も,間違う,～しないで
653,again and again,連,何度も,～していただけませんか。,～することによって,間違う
654,Would you mind ～ing?,連,～していただけませんか。,[否定文で]全然，少しも,～に戻る,～することによって
655,at all,連,[否定文で]全然，少しも,音を立てる,何度も,～に戻る
656,football,名,フットボール,詩,コンサート，演奏会,切手
657,make a noise,連,音を立てる,～であることを誇りに思っている,～していただけませんか。,何度も
658,be proud of ～ing,連,～であることを誇りに思っている,Aを～（の状態）にしておく,[否定文で]全然，少しも,～していただけませんか。
659,keep A ～,連,Aを～（の状態）にしておく,～することにA（時間）を費やす,音を立てる,[否定文で]全然，少しも
660,skill,名,技能，技術，腕前,フットボール,詩,コンサート，演奏会
661,join,動,（～に）加わる，参加する,～に鍵をかける,～を集める，～を収集する,～を計画する
662,spend A on ～ing,連,～することにA（時間）を費やす,～だけでなく,～であることを誇りに思っている,音を立てる
663,gather,動,集まる,（～に）加わる，参加する,～に鍵をかける,～を集める，～を収集する
664,not only ～,連,～だけでなく,ロック音楽,Aを～（の状態）にしておく,～であることを誇りに思っている
665,exam,名,試験，テスト,技能，技術，腕前,フットボール,詩
666,pass,動,（試験など）に合格する,集まる,（～に）加わる，参加する,～に鍵をかける
667,adult,名,大人,試験，テスト,技能，技術，腕前,フットボール
668,under,前,～未満で［の］,～まで（ずっと）,～の間で［に］,～の下に［の］，～の下方に
669,bark,動,ほえる,（試験など）に合格する,集まる,（～に）加わる，参加する
670,glasses,名,[glassの複数形で]めがね,大人,試験，テスト,技能，技術，腕前
671,wear,動,～を身につける，身につけている,ほえる,（試験など）に合格する,集まる
672,paint,動,（絵の具で絵）を描く，～にペンキを塗る,～を身につける，身につけている,ほえる,（試験など）に合格する
673,rock music,連,ロック音楽,ばらばらに，粉々に,～することにA（時間）を費やす,Aを～（の状態）にしておく
674,broken,過分,breakの過去分詞,driveの過去分詞,knowの過去分詞,seeの過去分詞
675,to pieces,連,ばらばらに，粉々に,～を追いかける,～だけでなく,～することにA（時間）を費やす
676,Germany,固,ドイツ,フランス,フランス,南アフリカ
677,built,過去・過分,buildの過去形・過去分詞,leaveの過去形・過去分詞,loseの過去形・過去分詞,buyの過去形・過去分詞
678,shine,動,輝く,（絵の具で絵）を描く，～にペンキを塗る,～を身につける，身につけている,ほえる
679,run after ～,連,～を追いかける,～の前に,ロック音楽,～だけでなく
680,boil,動,～をゆでる，煮る,輝く,（絵の具で絵）を描く，～にペンキを塗る,～を身につける，身につけている
681,caught,過去・過分,catchの過去形・過去分詞,buildの過去形・過去分詞,leaveの過去形・過去分詞,loseの過去形・過去分詞
682,rose,過去,riseの過去形,growの過去形,breakの過去形,stealの過去形
683,top,名,頂上,[glassの複数形で]めがね,大人,試験，テスト
684,in front of ～,連,～の前に,世界中で［に］,ばらばらに，粉々に,ロック音楽
685,all over the world,連,世界中で［に］,～を降りる,～を追いかける,ばらばらに，粉々に
686,get off ～,連,～を降りる,～でいっぱいである,～の前に,～を追いかける
687,ship,名,船,頂上,[glassの複数形で]めがね,大人
688,be full of ～,連,～でいっぱいである,～でいっぱいである,世界中で［に］,～の前に
689,be filled with ～,連,～でいっぱいである,～を踏む,～を降りる,世界中で［に］
690,next-door,形,隣りの,静かな,中古の，使用済みの,怒った，腹を立てた
691,neighbor,名,隣人,船,頂上,[glassの複数形で]めがね
692,cherry,名,さくらんぼ,隣人,船,頂上
693,war,名,戦争,さくらんぼ,隣人,船
694,recycle,動,～をリサイクルする，～を再生利用する,～をゆでる，煮る,輝く,（絵の具で絵）を描く，～にペンキを塗る
695,leaves,名,leafの複数形,戦争,さくらんぼ,隣人
696,fall,動,落ちる,～をリサイクルする，～を再生利用する,～をゆでる，煮る,輝く
697,fallen,過分,fallの過去分詞,breakの過去分詞,driveの過去分詞,knowの過去分詞
698,lying,現分,lieの現在分詞,layの現在分詞,lieの過去分詞,layの過去分詞
699,wooden,形,木造の，木製の,隣りの,静かな,中古の，使用済みの
700,given,過分,giveの過去分詞,fallの過去分詞,breakの過去分詞,driveの過去分詞
701,left,過去・過分,leaveの過去形・過去分詞,catchの過去形・過去分詞,buildの過去形・過去分詞,leaveの過去形・過去分詞
702,step on ～,連,～を踏む,～を捨て去る,～でいっぱいである,～を降りる
703,product,名,製品，生産物,leafの複数形,戦争,さくらんぼ
704,light,形,軽い,木造の，木製の,隣りの,静かな
705,thrown,過分,throwの過去分詞,giveの過去分詞,fallの過去分詞,breakの過去分詞
706,throw away,連,～を捨て去る,～（の中）に入る,～でいっぱいである,～でいっぱいである
707,waste,名,廃棄物，ごみ,製品，生産物,leafの複数形,戦争
708,go into ～,連,～（の中）に入る,先日,～を踏む,～でいっぱいである
709,ocean,名,[the ～で]大洋，海,廃棄物，ごみ,製品，生産物,leafの複数形
710,million,形,100万の,軽い,木造の，木製の,隣りの
711,finally,副,最後には，ついに,ゆっくりと,戸外で，外で,最後には，ついに
712,process,名,過程,[the ～で]大洋，海,廃棄物，ごみ,製品，生産物
713,environment,名,環境,過程,[the ～で]大洋，海,廃棄物，ごみ
714,disappear,動,見えなくなる，消滅する,落ちる,～をリサイクルする，～を再生利用する,～をゆでる，煮る
715,serious,形,深刻な,100万の,軽い,木造の，木製の
716,the other day,連,先日,行動を起こす,～を捨て去る,～を踏む
717,magazine,名,雑誌,環境,過程,[the ～で]大洋，海
718,take action,連,行動を起こす,～で苦しむ,～（の中）に入る,～を捨て去る
719,suffer from ～,連,～で苦しむ,先日,先日,～（の中）に入る
720,increase,動,増加する,見えなくなる，消滅する,落ちる,～をリサイクルする，～を再生利用する
721,step,名,一歩，段階,雑誌,環境,過程
722,tail,名,尾，しっぽ,一歩，段階,雑誌,環境
723,doll,名,人形,尾，しっぽ,一歩，段階,雑誌
724,artist,名,芸術家,人形,尾，しっぽ,一歩，段階
725,bench,名,ベンチ，長いす,芸術家,人形,尾，しっぽ
726,loud,形,(声・音が)大きい,深刻な,100万の,軽い
727,voice,名,声,ベンチ，長いす,芸術家,人形
728,soup,名,スープ,声,ベンチ，長いす,芸術家
729,cheese,名,チーズ,スープ,声,ベンチ，長いす
730,Hong Kong,固,香港,ドイツ,フランス,フランス
731,poem,名,詩,チーズ,スープ,声
732,broke,過去,breakの過去形,riseの過去形,growの過去形,breakの過去形
733,Germany,固,ドイツ,香港,ドイツ,フランス
734,horse,名,馬,詩,チーズ,スープ
735,chemistry,名,化学,馬,詩,チーズ
736,roof,名,屋根,化学,馬,詩
737,peach,名,桃,屋根,化学,馬
738,sweet,形,甘い,(声・音が)大きい,深刻な,100万の
739,elephant,名,ゾウ,桃,屋根,化学
740,borrow,動,～を（無料で）借りる,増加する,見えなくなる，消滅する,落ちる
741,travel,動,旅行する,～を（無料で）借りる,増加する,見えなくなる，消滅する
742,Europe,固,ヨーロッパ,ドイツ,香港,ドイツ
743,taught,過去・過分,teachの過去形・過去分詞,leaveの過去形・過去分詞,catchの過去形・過去分詞,buildの過去形・過去分詞
744,the other day,連,先日,隣に,行動を起こす,先日
745,marry,動,（～と）結婚する,旅行する,～を（無料で）借りる,増加する
746,hill,名,丘,ゾウ,桃,屋根
747,person,名,人,丘,ゾウ,桃
748,climb,動,～に登る,（～と）結婚する,旅行する,～を（無料で）借りる
749,yard,名,庭，中庭,人,丘,ゾウ
750,lady,名,婦人,庭，中庭,人,丘
751,next door,連,隣に,警察官,～で苦しむ,行動を起こす
752,toy,名,おもちゃ,婦人,庭，中庭,人
753,actor,名,俳優,おもちゃ,婦人,庭，中庭
754,wallet,名,財布,俳優,おもちゃ,婦人
755,police officer,連,警察官,デパート,先日,～で苦しむ
756,department store,連,デパート,～でいっぱいである,隣に,先日
757,program,名,番組,財布,俳優,おもちゃ
758,poet,名,詩人,番組,財布,俳優
759,poem,名,詩,詩人,番組,財布
760,Sydney,固,シドニー,ヨーロッパ,ドイツ,香港
761,be full of ～,連,～でいっぱいである,～を休む，～を欠席する,警察官,隣に
762,gym,名,体育館,詩,詩人,番組
763,quite,副,とても，かなり,最後には，ついに,ゆっくりと,戸外で，外で
764,cousin,名,いとこ,体育館,詩,詩人
765,shy,形,内気な，恥ずかしがりの,甘い,(声・音が)大きい,深刻な
766,be absent from ～,連,～を休む，～を欠席する,～だとわかる,デパート,警察官
767,find out,連,～だとわかる,～でおおわれている,～でいっぱいである,デパート
768,group,名,グループ,いとこ,体育館,詩
769,report,動,（～を）報告する,～に登る,（～と）結婚する,旅行する
770,cheap,形,安い，安価な,内気な，恥ずかしがりの,甘い,(声・音が)大きい
771,mean,動,～を意味する,（～を）報告する,～に登る,（～と）結婚する
772,burn,動,～を燃やす,～を意味する,（～を）報告する,～に登る
773,keep,動,～を持ち続ける,～を燃やす,～を意味する,（～を）報告する
774,less,副,littleの比較級,とても，かなり,最後には，ついに,ゆっくりと
775,daughter,名,娘,グループ,いとこ,体育館
776,famous,形,有名な,安い，安価な,内気な，恥ずかしがりの,甘い
777,hair,名,髪の毛,娘,グループ,いとこ
778,roof,名,屋根,髪の毛,娘,グループ
779,be covered with ～,連,～でおおわれている,～について話す,～を休む，～を欠席する,～でいっぱいである
780,writer,名,作家,屋根,髪の毛,娘
781,novel,名,小説,作家,屋根,髪の毛
782,leg,名,脚,小説,作家,屋根
783,broken,過分,breakの過去分詞,throwの過去分詞,giveの過去分詞,fallの過去分詞
784,tail,名,尾，しっぽ,脚,小説,作家
785,human,名,人間,尾，しっぽ,脚,小説
786,actor,名,俳優,人間,尾，しっぽ,脚
787,foreign,形,外国の,有名な,安い，安価な,内気な，恥ずかしがりの
788,cover,名,表紙,俳優,人間,尾，しっぽ
789,speak of ～,連,～について話す,～が好きだ,～だとわかる,～を休む，～を欠席する
790,be fond of ～,連,～が好きだ,警察官,～でおおわれている,～だとわかる
791,police officer,連,警察官,～の世話をする，～の面倒を見る,～について話す,～でおおわれている
792,cheerfully,副,陽気に,littleの比較級,とても，かなり,最後には，ついに
793,met,過去・過分,meetの過去形・過去分詞,teachの過去形・過去分詞,leaveの過去形・過去分詞,catchの過去形・過去分詞
794,meaning,名,意味,表紙,俳優,人間
795,problem,名,問題,意味,表紙,俳優
796,solve,動,～を解く，解決する,～を持ち続ける,～を燃やす,～を意味する
797,take care of ～,連,～の世話をする，～の面倒を見る,（過去に）さかのぼる,～が好きだ,～について話す
798,watch,名,腕時計,問題,意味,表紙
799,key,名,鍵,腕時計,問題,意味
800,history,名,歴史,鍵,腕時計,問題
801,go back,連,（過去に）さかのぼる,～を卒業する,警察官,～が好きだ
802,work,名,作品,歴史,鍵,腕時計
803,graduate from ～,連,～を卒業する,～を…に紹介する,～の世話をする，～の面倒を見る,警察官
804,colorful,形,色彩豊かな，カラフルな,外国の,有名な,安い，安価な
805,feather,名,羽,作品,歴史,鍵
806,introduce ～ to ...,連,～を…に紹介する,～と友達になる，～と親しくなる,（過去に）さかのぼる,～の世話をする，～の面倒を見る
807,make friends with ～,連,～と友達になる，～と親しくなる,～の前で［に］,～を卒業する,（過去に）さかのぼる
808,still,副,まだ，今でも，今なお,陽気に,littleの比較級,とても，かなり
809,product,名,製品，生産物,羽,作品,歴史
810,in front of ～,連,～の前で［に］,～に興味をもつ,～を…に紹介する,～を卒業する
811,become interested in ～,連,～に興味をもつ,実は,～と友達になる，～と親しくなる,～を…に紹介する
812,information,名,情報,製品，生産物,羽,作品
813,in fact,連,実は,～を捨てる,～の前で［に］,～と友達になる，～と親しくなる
814,raw,形,生の,色彩豊かな，カラフルな,外国の,有名な
815,easily,副,容易に，簡単に,まだ，今でも，今なお,陽気に,littleの比較級
816,rest,名,残り,情報,製品，生産物,羽
818,throw away,連,～を捨てる,将来,～に興味をもつ,～の前で［に］
819,reduce,動,～を減らす,～を解く，解決する,～を持ち続ける,～を燃やす
820,amount,名,量,残り,情報,製品，生産物
821,waste,名,廃棄物，ごみ,量,残り,情報
822,various,形,さまざまな，いろいろな,生の,色彩豊かな，カラフルな,外国の
823,snack,名,おやつ，軽食,廃棄物，ごみ,量,残り
824,delicious,形,（とても）おいしい,さまざまな，いろいろな,生の,色彩豊かな，カラフルな
825,especially,副,特に，とりわけ,容易に，簡単に,まだ，今でも，今なお,陽気に
826,healthy,形,健康的な,（とても）おいしい,さまざまな，いろいろな,生の
827,increase,動,～を増やす,～を減らす,～を解く，解決する,～を持ち続ける
828,wonder,動,～かしらと思う,～を増やす,～を減らす,～を解く，解決する
829,key,名,鍵,おやつ，軽食,廃棄物，ごみ,量
830,already,副,すでに,特に，とりわけ,容易に，簡単に,まだ，今でも，今なお
831,in the future,連,将来,（あと）どのくらいしたら～か。,実は,～に興味をもつ
832,How soon ～?,連,（あと）どのくらいしたら～か。,～する準備ができている,～を捨てる,実は
833,be ready to ～,連,～する準備ができている,（距離をたずねて）どのくらい～か。,将来,～を捨てる
834,nobody,代,だれも～ない,何も～ない,だれも～ない,彼ら［彼女たち，それら］自身を［に，で］
835,How far ～?,連,（距離をたずねて）どのくらい～か。,散歩に行く,（あと）どのくらいしたら～か。,将来
836,go for a walk,連,散歩に行く,～を消す,～する準備ができている,（あと）どのくらいしたら～か。
837,turn off ～,連,～を消す,～に向けて出発する,（距離をたずねて）どのくらい～か。,～する準備ができている
838,light,名,明かり，照明,鍵,おやつ，軽食,廃棄物，ごみ
839,bridge,名,橋,明かり，照明,鍵,おやつ，軽食
840,free,形,ひまな,健康的な,（とても）おいしい,さまざまな，いろいろな
841,angry,形,怒った,ひまな,健康的な,（とても）おいしい
842,leave for ～,連,～に向けて出発する,結婚している,散歩に行く,（距離をたずねて）どのくらい～か。
843,midnight,名,真夜中,橋,明かり，照明,鍵
844,be married,連,結婚している,ドライブに行く,～を消す,散歩に行く
845,go for a drive,連,ドライブに行く,今すぐに,～に向けて出発する,～を消す
846,lend,動,～を貸す,～かしらと思う,～を増やす,～を減らす
847,right now,連,今すぐに,すぐに,結婚している,～に向けて出発する
848,at once,連,すぐに,おととい,ドライブに行く,結婚している
849,the day before yesterday,連,おととい,（音量）を下げる,今すぐに,ドライブに行く
850,rose,名,バラ,真夜中,橋,明かり，照明
851,Korea,固,韓国・朝鮮,シドニー,ヨーロッパ,ドイツ
852,win,動,（～に）勝つ，優勝する,～を貸す,～かしらと思う,～を増やす
853,championship,名,選手権（試合）,バラ,真夜中,橋
854,real,形,本当の,怒った,ひまな,健康的な
855,hurry,動,急ぐ,（～に）勝つ，優勝する,～を貸す,～かしらと思う
856,photo,名,写真,選手権（試合）,バラ,真夜中
857,airport,名,空港,写真,選手権（試合）,バラ
858,put,過去・過分,putの過去形・過去分詞,meetの過去形・過去分詞,teachの過去形・過去分詞,leaveの過去形・過去分詞
859,turn ～ down,連,（音量）を下げる,電話で,すぐに,今すぐに
860,radio,名,ラジオ,空港,写真,選手権（試合）
861,on the phone,連,電話で,実は,おととい,すぐに
862,writer,名,作家，筆者,ラジオ,空港,写真
863,novel,名,小説,作家，筆者,ラジオ,空港
864,map,名,地図,小説,作家，筆者,ラジオ
865,drew,過去,drawの過去形,breakの過去形,riseの過去形,growの過去形
866,lonely,形,孤独な，さびしい,本当の,怒った,ひまな
867,score,名,得点，点数，成績,地図,小説,作家，筆者
868,exam,名,試験，テスト,得点，点数，成績,地図,小説
869,in fact,連,実は,…に～を返す,（音量）を下げる,おととい
870,notice,動,～に気付く,急ぐ,（～に）勝つ，優勝する,～を貸す
871,beginning,名,はじめ，最初,試験，テスト,得点，点数，成績,地図
872,tough,形,困難な，骨が折れる,孤独な，さびしい,本当の,怒った
873,thin,形,薄い,困難な，骨が折れる,孤独な，さびしい,本当の
874,improve,動,～を向上させる，～を改善する,～に気付く,急ぐ,（～に）勝つ，優勝する
875,advice,名,忠告，助言，アドバイス,はじめ，最初,試験，テスト,得点，点数，成績
876,give ～ back to …,連,…に～を返す,マンガ本,電話で,（音量）を下げる
877,advise,動,（～に）忠告する，（～に）助言する,～を向上させる，～を改善する,～に気付く,急ぐ
878,report,名,報告（書），レポート,忠告，助言，アドバイス,はじめ，最初,試験，テスト
879,easily,副,容易に，簡単に,すでに,特に，とりわけ,容易に，簡単に
880,address,名,住所,報告（書），レポート,忠告，助言，アドバイス,はじめ，最初
881,postcard,名,郵便はがき,住所,報告（書），レポート,忠告，助言，アドバイス
882,wife,名,妻,郵便はがき,住所,報告（書），レポート
883,sorry,形,すまなく思って，残念に思って,薄い,困難な，骨が折れる,孤独な，さびしい
884,climb,動,～に登る,（～に）忠告する，（～に）助言する,～を向上させる，～を改善する,～に気付く
885,million,形,100万の,すまなく思って，残念に思って,薄い,困難な，骨が折れる
886,rich,形,金持ちの，裕福な,100万の,すまなく思って，残念に思って,薄い
887,comic book,連,マンガ本,1日中,実は,電話で
888,all day,連,1日中,急いで,…に～を返す,実は
889,village,名,村,妻,郵便はがき,住所
890,trouble,名,困難，困った状況,村,妻,郵便はがき
891,actor,名,俳優,困難，困った状況,村,妻
892,carefully,副,注意深く,容易に，簡単に,すでに,特に，とりわけ
893,border,名,境界，国境,俳優,困難，困った状況,村
894,delicious,形,（とても）おいしい,金持ちの，裕福な,100万の,すまなく思って，残念に思って
895,dish,名,（皿に盛った）料理,境界，国境,俳優,困難，困った状況
896,ticket,動,切符，チケット,～に登る,（～に）忠告する，（～に）助言する,～を向上させる，～を改善する
897,attend,動,（～に）出席する,切符，チケット,～に登る,（～に）忠告する，（～に）助言する
898,ceremony,名,式典,（皿に盛った）料理,境界，国境,俳優
899,information,名,情報,式典,（皿に盛った）料理,境界，国境
900,shy,形,内気な，恥ずかしがりの,（とても）おいしい,金持ちの，裕福な,100万の
901,in a hurry,連,急いで,私の立場で,マンガ本,…に～を返す
902,cross,動,（～を）渡る，横切る,（～に）出席する,切符，チケット,～に登る
903,robot,名,ロボット,情報,式典,（皿に盛った）料理
904,won,過去・過分,winの過去形・過去分詞,putの過去形・過去分詞,meetの過去形・過去分詞,teachの過去形・過去分詞
905,in my place,連,私の立場で,～をあきらめる,1日中,マンガ本
906,convenient,形,都合のよい，便利な,内気な，恥ずかしがりの,（とても）おいしい,金持ちの，裕福な
907,professional,形,プロの,都合のよい，便利な,内気な，恥ずかしがりの,（とても）おいしい
908,survive,動,生き残る，生き延びる,（～を）渡る，横切る,（～に）出席する,切符，チケット
909,shocking,形,衝撃的な,プロの,都合のよい，便利な,内気な，恥ずかしがりの
910,give up ～,連,～をあきらめる,～を思いつく，～を考え出す,急いで,1日中
911,daily,形,日常の,衝撃的な,プロの,都合のよい，便利な
912,activity,名,活動,ロボット,情報,式典
913,influence,名,影響，影響力,活動,ロボット,情報
914,environment,形,環境,日常の,衝撃的な,プロの
915,reduce,動,～を減らす,生き残る，生き延びる,（～を）渡る，横切る,（～に）出席する
916,wild,形,野生の,環境,日常の,衝撃的な
917,plant,名,植物,影響，影響力,活動,ロボット
918,come up with ～,連,～を思いつく，～を考え出す,～だとわかる,私の立場で,急いで
919,move,動,引っ越す,～を減らす,生き残る，生き延びる,（～を）渡る，横切る
920,planet,名,惑星,植物,影響，影響力,活動
921,astronaut,名,宇宙飛行士,惑星,植物,影響，影響力
922,find out,連,～だとわかる,試験に合格する,～をあきらめる,私の立場で
923,precious,形,貴重な,野生の,環境,日常の
924,possible,形,可能な,貴重な,野生の,環境
925,damage,動,～に損傷を与える,引っ越す,～を減らす,生き残る，生き延びる
926,forever,副,いつまでも，永久に,注意深く,容易に，簡単に,すでに
927,sure,形,確信して,可能な,貴重な,野生の
928,succeed,動,成功する,～に損傷を与える,引っ越す,～を減らす
929,prize,名,賞,宇宙飛行士,惑星,植物
930,safely,副,安全に，無事に,いつまでも，永久に,注意深く,容易に，簡単に
931,pass an exam,連,試験に合格する,遅れずに，間に合って,～を思いつく，～を考え出す,～をあきらめる
932,strange,形,奇妙な，不思議な,確信して,可能な,貴重な
933,in time,連,遅れずに，間に合って,故障する,～だとわかる,～を思いつく，～を考え出す
934,break down,連,故障する,旅行する,試験に合格する,～だとわかる
935,take a trip,連,旅行する,逃げる,遅れずに，間に合って,試験に合格する
936,run away,連,逃げる,入学試験,故障する,遅れずに，間に合って
937,cousin,名,いとこ,賞,宇宙飛行士,惑星
938,knowledge,名,知識,いとこ,賞,宇宙飛行士
939,experience,名,経験，体験,知識,いとこ,賞
940,flat,形,平らな,奇妙な，不思議な,確信して,可能な
941,entrance examination,連,入学試験,今すぐに,旅行する,故障する
942,right now,連,今すぐに,少なくとも,逃げる,旅行する
943,master,動,～を習得する,成功する,～に損傷を与える,引っ越す
944,at least,連,少なくとも,（時が）たつ，経過する,入学試験,逃げる
945,cheerful,形,陽気な,平らな,奇妙な，不思議な,確信して
946,hay,名,干し草,経験，体験,知識,いとこ
947,shine,動,輝く，光る,～を習得する,成功する,～に損傷を与える
948,mind,動,（～を）気にする，（～を）いやだと思う,輝く，光る,～を習得する,成功する
949,enemy,名,敵,干し草,経験，体験,知識
950,German,名,ドイツ語,敵,干し草,経験，体験
951,telephone,名,電話,ドイツ語,敵,干し草
952,go on,連,（時が）たつ，経過する,～に遅れる,今すぐに,入学試験
953,be late for ～,連,～に遅れる,急ぐ,少なくとも,今すぐに
954,hurry up,連,急ぐ,～に間に合う,（時が）たつ，経過する,少なくとも
955,be in time for ～,連,～に間に合う,ピクニックに行く,～に遅れる,（時が）たつ，経過する
956,continue,動,～を続ける,（～を）気にする，（～を）いやだと思う,輝く，光る,～を習得する
957,raise,動,～を上げる,～を続ける,（～を）気にする，（～を）いやだと思う,輝く，光る
958,go on a picnic,連,ピクニックに行く,努力する,急ぐ,～に遅れる
959,everything,代,すべて，何もかも,だれも～ない,何も～ない,だれも～ない
960,Africa,固,アフリカ,韓国・朝鮮,シドニー,ヨーロッパ
961,make an effort,連,努力する,～歳で,～に間に合う,急ぐ
962,at the age of ～,連,～歳で,初めて,ピクニックに行く,～に間に合う
963,for the first time,連,初めて,最近，このごろ,努力する,ピクニックに行く
964,immediately,副,すぐに，ただちに,安全に，無事に,いつまでも，永久に,注意深く
965,wet,形,ぬれた,陽気な,平らな,奇妙な，不思議な
966,exercise,名・動,体操・体操する,料理をする人・料理する,修理・～を修理する,楽しい
967,program,名,プログラム，番組,電話,ドイツ語,敵
968,perform,動,～を行う,～を上げる,～を続ける,（～を）気にする，（～を）いやだと思う
969,gather,動,集まる,～を行う,～を上げる,～を続ける
970,company,名,会社,プログラム，番組,電話,ドイツ語
971,spread,動,広がる，広まる,集まる,～を行う,～を上げる
972,originally,副,もともと,すぐに，ただちに,安全に，無事に,いつまでも，永久に
973,national,形,国の，国民の,ぬれた,陽気な,平らな
974,spirit,名,精神，霊,会社,プログラム，番組,電話
975,encourage,動,～を奨励する，～を勇気づける,広がる，広まる,集まる,～を行う
976,these days,連,最近，このごろ,生まれる,～歳で,努力する
977,realize,動,～に気づく，～を実現する,～を奨励する，～を勇気づける,広がる，広まる,集まる
978,positive,形,肯定的な，よい,国の，国民の,ぬれた,陽気な
979,effect,名,効果,精神，霊,会社,プログラム，番組
980,be born,連,生まれる,海水面,初めて,～歳で
981,Christ,固,キリスト,アフリカ,韓国・朝鮮,シドニー
982,church,名,教会，礼拝,効果,精神，霊,会社
983,beach,名,海岸，浜辺,教会，礼拝,効果,精神，霊
984,ceiling,名,天井,海岸，浜辺,教会，礼拝,効果
985,beside,前,～のそばに［で］,～未満で［の］,～まで（ずっと）,～の間で［に］
986,cross,動,（～を）横切る，（～を）渡る,～に気づく，～を実現する,～を奨励する，～を勇気づける,広がる，広まる
987,sea level,連,海水面,～にちなんで…と名づける,最近，このごろ,初めて
988,ship,名,船,天井,海岸，浜辺,教会，礼拝
989,name … after ～,連,～にちなんで…と名づける,～のために，～のせいで,生まれる,最近，このごろ
990,smoke,名,煙,船,天井,海岸，浜辺
991,fire,名,火,煙,船,天井
992,because of ～,連,～のために，～のせいで,～を経由して,海水面,生まれる
993,by way of ～,連,～を経由して,～の代わりに,～にちなんで…と名づける,海水面
994,instead of ～,連,～の代わりに,～のおかげで,～のために，～のせいで,～にちなんで…と名づける
995,thanks to ～,連,～のおかげで,～に参加する，～に加わる,～を経由して,～のために，～のせいで
996,take part in ～,連,～に参加する，～に加わる,～を補う,～の代わりに,～を経由して
997,make up for ～,連,～を補う,平日に,～のおかげで,～の代わりに
998,wood,名,木材,火,煙,船
999,Moscow,固,モスクワ,キリスト,アフリカ,韓国・朝鮮
1000,health,名,健康,木材,火,煙
1001,grandparents,名,祖父母,健康,木材,火
1002,on weekdays,連,平日に,バスの停留所,～に参加する，～に加わる,～のおかげで
1003,blackboard,名,黒板,祖父母,健康,木材
1004,bus stop,連,バスの停留所,～に反対である,～を補う,～に参加する，～に加わる
1005,brown,形,茶色の,肯定的な，よい,国の，国民の,ぬれた
1006,be against ～,連,～に反対である,（原料）から作られる,平日に,～を補う
1007,ink,名,インク,黒板,祖父母,健康
1008,be made from ～,連,（原料）から作られる,（材料）でできている,バスの停留所,平日に
1009,be made of ～,連,（材料）でできている,～になる,～に反対である,バスの停留所
1010,be made into ～,連,～になる,平和に,（原料）から作られる,～に反対である
1011,wine,名,ワイン，ブドウ酒,インク,黒板,祖父母
1012,stranger,名,見知らぬ人,ワイン，ブドウ酒,インク,黒板
1013,knock,動,トントンとたたく，ノックする,（～を）横切る，（～を）渡る,～に気づく，～を実現する,～を奨励する，～を勇気づける
1014,wet,形,ぬれた,茶色の,肯定的な，よい,国の，国民の
1015,tear,名,涙,見知らぬ人,ワイン，ブドウ酒,インク
1016,in peace,連,平和に,～し続ける,（材料）でできている,（原料）から作られる
1017,Los Angeles,固,ロサンゼルス,モスクワ,キリスト,アフリカ
1018,go on ～ing,連,～し続ける,(ちょうど)今は,～になる,（材料）でできている
1019,temple,名,寺，寺院,涙,見知らぬ人,ワイン，ブドウ酒
1020,floor,名,階，床,寺，寺院,涙,見知らぬ人
1021,jog,動,ジョギングをする,トントンとたたく，ノックする,（～を）横切る，（～を）渡る,～に気づく，～を実現する
1022,castle,名,城,階，床,寺，寺院,涙
1023,cafeteria,名,カフェテリア，食堂,城,階，床,寺，寺院
1024,autumn,名,秋,カフェテリア，食堂,城,階，床
1025,final,形,最後の，最終の,ぬれた,茶色の,肯定的な，よい
1026,camp,動,キャンプをする,ジョギングをする,トントンとたたく，ノックする,（～を）横切る，（～を）渡る
1027,hurt,動,痛む，けがをする[過去形・過去分詞も同じ形],キャンプをする,ジョギングをする,トントンとたたく，ノックする
1028,notice,動,～に気づく,痛む，けがをする[過去形・過去分詞も同じ形],キャンプをする,ジョギングをする
1029,prepare,動,（～の）準備する，（食事などの）支度をする,～に気づく,痛む，けがをする[過去形・過去分詞も同じ形],キャンプをする
1030,scenery,名,景色,秋,カフェテリア，食堂,城
1031,forgot,過去・過分,forgetの過去形・過去分詞,winの過去形・過去分詞,putの過去形・過去分詞,meetの過去形・過去分詞
1032,right now,連,(ちょうど)今は,どういたしまして。,平和に,～になる
1033,pass,動,～を手渡す,（～の）準備する，（食事などの）支度をする,～に気づく,痛む，けがをする[過去形・過去分詞も同じ形]
1034,sugar,名,砂糖,景色,秋,カフェテリア，食堂
1035,agree with ～,動,～に賛成する，～に同意する,～を手渡す,（～の）準備する，（食事などの）支度をする,～に気づく
1036,My pleasure.,連,どういたしまして。,私です。(電話での表現),～し続ける,平和に
1037,Speaking.,連,私です。(電話での表現),待つ，（電話を）切らないでおく,(ちょうど)今は,～し続ける
1038,hold on,連,待つ，（電話を）切らないでおく,残念ながら～。,どういたしまして。,(ちょうど)今は
1039,I’m afraid ～.,連,残念ながら～。,それはお気の毒ですね。,私です。(電話での表現),どういたしまして。
1040,wrong,形,間違った,最後の，最終の,ぬれた,茶色の
1041,number,名,番号，数,砂糖,景色,秋
1042,That’s too bad.,連,それはお気の毒ですね。,帰る，戻る,待つ，（電話を）切らないでおく,私です。(電話での表現)
1043,disagree with ～,動,～と意見が合わない，～に反対する,～に賛成する，～に同意する,～を手渡す,（～の）準備する，（食事などの）支度をする
1044,opinion,名,意見,番号，数,砂糖,景色
1045,fever,名,熱,意見,番号，数,砂糖
1046,out,副,外出して，不在で,もともと,すぐに，ただちに,安全に，無事に
1047,clear,形,澄んだ,間違った,最後の，最終の,ぬれた
1048,swimmer,名,泳ぐ人，泳者,熱,意見,番号，数
1049,mountain,名,山,泳ぐ人，泳者,熱,意見
1050,doll,名,人形,山,泳ぐ人，泳者,熱
1051,bridge,名,橋,人形,山,泳ぐ人，泳者
1052,building,名,建物,橋,人形,山
1053,useful,形,役に立つ，便利な,澄んだ,間違った,最後の，最終の
1054,lovely,形,美しい，心ひかれる,役に立つ，便利な,澄んだ,間違った
1055,cook,名・動,料理をする人・料理する,修理をする・～を修理する,体操・体操する,ノックする
1056,camera,名,カメラ,建物,橋,人形
1057,side,名,側,カメラ,建物,橋
1058,be back,連,帰る，戻る,バスの停留所,残念ながら～。,待つ，（電話を）切らないでおく
1059,bus stop,連,バスの停留所,合唱コンクール,それはお気の毒ですね。,残念ながら～。
1060,won,過去・過分,winの過去形・過去分詞,forgetの過去形・過去分詞,winの過去形・過去分詞,putの過去形・過去分詞
1061,prize,名,賞,側,カメラ,建物
1062,chorus contest,連,合唱コンクール,ええ。もちろん。,帰る，戻る,それはお気の毒ですね。
1063,Congratulations!,間,おめでとう！,ありがとう！,こんにちは。,さようなら。
1064,convenient,形,便利な,美しい，心ひかれる,役に立つ，便利な,澄んだ
1065,surprise,名,驚くべきこと,賞,側,カメラ
1066,Why not?,連,ええ。もちろん。,入院している,バスの停留所,帰る，戻る
1067,be in hospital,連,入院している,～（の家）に滞在する,合唱コンクール,バスの停留所
1068,train,動,訓練を受ける,～と意見が合わない，～に反対する,～に賛成する，～に同意する,～を手渡す
1069,stay with ～,連,～（の家）に滞在する,ところで,ええ。もちろん。,合唱コンクール
1070,by the way,連,ところで,最近，このごろ,入院している,ええ。もちろん。
1071,these days,連,最近，このごろ,～のことを聞く,～（の家）に滞在する,入院している
1072,hear of ～,連,～のことを聞く,～のおかげで,ところで,～（の家）に滞在する
1073,disaster,名,災害,驚くべきこと,賞,側
1074,thanks to ～,連,～のおかげで,あのね。［ねえ聞いて。］,最近，このごろ,ところで
1075,while,接,～する間に,～する間に，～のうちに,～するにつれて,～だけれども，～にもかかわらず
1076,Guess what!,連,あのね。［ねえ聞いて。］,ひとり暮らしをする,～のことを聞く,最近，このごろ
1077,smoke,動,たばこを吸う,訓練を受ける,～と意見が合わない，～に反対する,～に賛成する，～に同意する
1078,coat,名,コート，上着,災害,驚くべきこと,賞
1079,repair,名・動,修理・～を修理する,体操・体操をする,料理をする人・料理する,つなぐ
1080,bottle,名,びん,コート，上着,災害,驚くべきこと
1081,hometown,名,故郷,びん,コート，上着,災害
1082,organ,名,オルガン,故郷,びん,コート，上着
1083,live alone,連,ひとり暮らしをする,～を拾う,～のおかげで,～のことを聞く
1084,temple,名,寺，寺院,オルガン,故郷,びん
1085,advice,名,助言，アドバイス,寺，寺院,オルガン,故郷
1086,pick up ～,連,～を拾う,～を捨てる,あのね。［ねえ聞いて。］,～のおかげで
1087,shoe,名,靴,助言，アドバイス,寺，寺院,オルガン
1088,throw ～ away,連,～を捨てる,警察官,ひとり暮らしをする,あのね。［ねえ聞いて。］
1089,stranger,名,見知らぬ人,靴,助言，アドバイス,寺，寺院
1090,accident,名,事故,見知らぬ人,靴,助言，アドバイス
1091,quite,副,かなり，とても,外出して，不在で,もともと,すぐに，ただちに
1092,zoo,名,動物園,事故,見知らぬ人,靴
1093,smartphone,名,スマートフォン,動物園,事故,見知らぬ人
1094,police officer,連,警察官,にわか雨にあう,～を拾う,ひとり暮らしをする
1095,age,名,年齢，年,スマートフォン,動物園,事故
1096,thank,動,～に感謝する,たばこを吸う,訓練を受ける,～と意見が合わない，～に反対する
1097,be caught in a shower,連,にわか雨にあう,温泉,～を捨てる,～を拾う
1098,elevator,名,エレベーター,年齢，年,スマートフォン,動物園
1099,stairs,名,[stairの複数形で]階段,エレベーター,年齢，年,スマートフォン
1100,hot spring,連,温泉,時間どおりに,警察官,～を捨てる
1101,success,名,成功,[stairの複数形で]階段,エレベーター,年齢，年
1102,failure,名,失敗,成功,[stairの複数形で]階段,エレベーター
1103,successful,形,成功した,便利な,美しい，心ひかれる,役に立つ，便利な
1104,on time,連,時間どおりに,～の留守中に，～のいないときに,にわか雨にあう,警察官
1105,in one’s absence,連,～の留守中に，～のいないときに,手短に言うと，要約すると,温泉,にわか雨にあう
1106,college,名,大学,失敗,成功,[stairの複数形で]階段
1107,visitor,名,訪問者，観光客,大学,失敗,成功
1108,in short,連,手短に言うと，要約すると,～にもかかわらず,時間どおりに,温泉
1109,machine,名,機械,訪問者，観光客,大学,失敗
1110,though,接,～だけれども，～にもかかわらず,～する間に,～する間に，～のうちに,～するにつれて
1111,in spite of ～,連,～にもかかわらず,困って，必要としている,～の留守中に，～のいないときに,時間どおりに
1112,in need,連,困って，必要としている,桜の花,手短に言うと，要約すると,～の留守中に，～のいないときに
1113,cherry blossoms,連,桜の花,（花が）満開である,～にもかかわらず,手短に言うと，要約すると
1114,be at one’s best,連,（花が）満開である,初めて,困って，必要としている,～にもかかわらず
1115,taste,動,～な味がする,～に感謝する,たばこを吸う,訓練を受ける
1116,chance,名,機会,機械,訪問者，観光客,大学
1117,for the first time,連,初めて,ずっと昔,桜の花,困って，必要としている
1118,realize,動,～に気づく,～な味がする,～に感謝する,たばこを吸う
1119,long ago,連,ずっと昔,音をたてる,（花が）満開である,桜の花
1120,effort,名,努力,機会,機械,訪問者，観光客
1121,create,動,～を創造する，～を作り出す,～に気づく,～な味がする,～に感謝する
1122,tool,名,道具，手段,努力,機会,機械
1123,including,前,～を含めて,～のそばに［で］,～未満で［の］,～まで（ずっと）
1124,explain,動,～を説明する,～を創造する，～を作り出す,～に気づく,～な味がする
1125,understood,過去・過分,understandの過去形・過去分詞,winの過去形・過去分詞,forgetの過去形・過去分詞,winの過去形・過去分詞
1126,voice,名,声,道具，手段,努力,機会
1127,deer,名,鹿［複数形も同じ形］,声,道具，手段,努力
1128,photo,名,写真,鹿［複数形も同じ形］,声,道具，手段
1129,ghost,名,幽霊，亡霊,写真,鹿［複数形も同じ形］,声
1130,nature,名,自然,幽霊，亡霊,写真,鹿［複数形も同じ形］
1131,knife,名,ナイフ,自然,幽霊，亡霊,写真
1132,knock,動,トントンとたたく，ノックする,～を説明する,～を創造する，～を作り出す,～に気づく
1133,half,名・形,半分・半分の,茶色(の),フランス語(の),屋根(の)
1134,sign,名,標識，符号,ナイフ,自然,幽霊，亡霊
1135,foreign,形,外国の,成功した,便利な,美しい，心ひかれる
1136,blew,過去,blowの過去形,drawの過去形,breakの過去形,riseの過去形
1137,meat,名,肉,標識，符号,ナイフ,自然
1139,road,名,道路,肉,標識，符号,ナイフ
1140,rode,過去,rideの過去形,blowの過去形,drawの過去形,breakの過去形
1141,weight,名,重さ，体重,道路,肉,標識，符号
1142,weak,形,弱い,外国の,成功した,便利な
1143,threw,過去,throwの過去形,rideの過去形,blowの過去形,drawの過去形
1144,cafeteria,名,カフェテリア，食堂,重さ，体重,道路,肉
1145,musician,名,音楽家,カフェテリア，食堂,重さ，体重,道路
1146,dead,形,死んだ，死んでいる,弱い,外国の,成功した
1147,war,名,戦争,音楽家,カフェテリア，食堂,重さ，体重
1148,stomach,名,胃，腹,戦争,音楽家,カフェテリア，食堂
1149,chorus,名,合唱,胃，腹,戦争,音楽家
1150,cheap,形,安い,死んだ，死んでいる,弱い,外国の
1151,medicine,名,薬,合唱,胃，腹,戦争
1152,necessary,形,必要な,安い,死んだ，死んでいる,弱い
1153,suddenly,副,突然，急に,かなり，とても,外出して，不在で,もともと
1154,vegetable,名,野菜,薬,合唱,胃，腹
1155,remember,動,（～を）覚えている,トントンとたたく，ノックする,～を説明する,～を創造する，～を作り出す
1156,make a noise,連,音をたてる,20代である,初めて,（花が）満開である
1157,New Zealand,固,ニュージーランド,ロサンゼルス,モスクワ,キリスト
1158,wool,名,羊毛,野菜,薬,合唱
1159,nurse,名,看護師,羊毛,野菜,薬
1160,scene,名,場面，シーン,看護師,羊毛,野菜
1161,information,名,情報,場面，シーン,看護師,羊毛
1162,daily,形,日常の,必要な,安い,死んだ，死んでいる
1163,conversation,名,会話,情報,場面，シーン,看護師
1164,outside,前,～の外側で［に，へ］,～未満で［の］,～まで（ずっと）,～を含めて
1165,be in one’s twenties,連,20代である,急ぐ,ずっと昔,初めて
